시간,요일,채널명,label
00:00:23,토,드라마큐브,1
00:00:33,수,드라마큐브,1
00:02:31,토,드라마큐브,1
00:02:41,수,드라마큐브,1
00:03:22,월,드라마큐브,1
00:03:51,화,드라마큐브,1
00:04:28,토,드라마큐브,1
00:05:30,월,드라마큐브,1
00:05:59,화,드라마큐브,1
00:06:04,일,드라마큐브,1
00:06:36,토,드라마큐브,1
00:08:12,일,드라마큐브,1
00:09:30,화,드라마큐브,1
00:10:23,월,드라마큐브,1
00:11:38,화,드라마큐브,1
00:12:31,월,드라마큐브,1
00:12:57,목,드라마큐브,1
00:14:36,목,드라마큐브,1
00:15:03,일,드라마큐브,1
00:15:05,목,드라마큐브,1
00:16:44,목,드라마큐브,1
00:17:11,일,드라마큐브,1
00:17:40,수,드라마큐브,1
00:18:01,목,드라마큐브,1
00:18:06,목,드라마큐브,1
00:18:06,일,드라마큐브,1
00:18:36,화,드라마큐브,1
00:19:48,수,드라마큐브,1
00:20:09,목,드라마큐브,1
00:20:14,일,드라마큐브,1
00:20:14,목,드라마큐브,1
00:20:34,일,드라마큐브,1
00:20:44,화,드라마큐브,1
00:20:50,화,드라마큐브,1
00:21:01,금,드라마큐브,1
00:22:00,토,드라마큐브,1
00:22:27,금,드라마큐브,1
00:22:29,일,드라마큐브,1
00:22:39,화,드라마큐브,1
00:22:42,일,드라마큐브,1
00:22:55,목,드라마큐브,1
00:22:55,화,드라마큐브,1
00:22:57,화,드라마큐브,1
00:23:09,금,드라마큐브,1
00:24:08,토,드라마큐브,1
00:24:08,금,드라마큐브,1
00:24:24,금,드라마큐브,1
00:24:35,금,드라마큐브,1
00:24:37,일,드라마큐브,1
00:24:47,화,드라마큐브,1
00:25:00,토,드라마큐브,1
00:25:03,화,드라마큐브,1
00:25:04,목,드라마큐브,1
00:25:42,토,드라마큐브,1
00:26:16,금,드라마큐브,1
00:26:29,일,드라마큐브,1
00:26:32,금,드라마큐브,1
00:26:48,일,드라마큐브,1
00:26:51,일,드라마큐브,1
00:27:08,토,드라마큐브,1
00:27:50,토,드라마큐브,1
00:28:37,일,드라마큐브,1
00:28:45,일,드라마큐브,1
00:28:56,일,드라마큐브,1
00:28:57,목,드라마큐브,1
00:28:59,일,드라마큐브,1
00:29:12,화,드라마큐브,1
00:29:37,금,드라마큐브,1
00:30:53,일,드라마큐브,1
00:30:54,월,드라마큐브,1
00:30:58,금,드라마큐브,1
00:31:05,목,드라마큐브,1
00:31:19,화,드라마큐브,1
00:31:45,금,드라마큐브,1
00:32:25,일,드라마큐브,1
00:32:30,월,드라마큐브,1
00:33:01,금,드라마큐브,1
00:33:02,월,드라마큐브,1
00:33:06,금,드라마큐브,1
00:33:45,월,드라마큐브,1
00:33:59,월,드라마큐브,1
00:34:21,일,드라마큐브,1
00:34:33,일,드라마큐브,1
00:34:38,월,드라마큐브,1
00:34:41,화,드라마큐브,1
00:34:55,일,드라마큐브,1
00:35:10,금,드라마큐브,1
00:35:16,목,드라마큐브,1
00:35:33,토,드라마큐브,1
00:35:53,월,드라마큐브,1
00:36:07,월,드라마큐브,1
00:36:29,일,드라마큐브,1
00:36:36,화,드라마큐브,1
00:36:45,금,드라마큐브,1
00:36:49,화,드라마큐브,1
00:36:55,일,드라마큐브,1
00:36:57,일,드라마큐브,1
00:37:01,화,드라마큐브,1
00:37:03,일,드라마큐브,1
00:37:20,화,드라마큐브,1
00:37:24,목,드라마큐브,1
00:37:41,토,드라마큐브,1
00:38:44,화,드라마큐브,1
00:38:53,금,드라마큐브,1
00:39:03,일,드라마큐브,1
00:39:05,일,드라마큐브,1
00:39:09,화,드라마큐브,1
00:39:27,화,드라마큐브,1
00:39:44,일,드라마큐브,1
00:39:57,목,드라마큐브,1
00:40:28,금,드라마큐브,0
00:41:07,금,드라마큐브,0
00:41:23,목,드라마큐브,1
00:41:30,금,드라마큐브,0
00:41:35,일,드라마큐브,1
00:41:52,일,드라마큐브,1
00:42:01,일,드라마큐브,1
00:42:04,목,드라마큐브,1
00:42:10,금,드라마큐브,0
00:42:34,월,드라마큐브,1
00:42:36,금,드라마큐브,0
00:42:38,목,드라마큐브,1
00:42:42,목,드라마큐브,1
00:43:15,금,드라마큐브,0
00:43:16,일,드라마큐브,1
00:43:31,목,드라마큐브,1
00:43:38,금,드라마큐브,0
00:43:43,일,드라마큐브,1
00:43:45,목,드라마큐브,1
00:44:07,수,드라마큐브,1
00:44:08,일,드라마큐브,1
00:44:18,금,드라마큐브,0
00:44:35,토,드라마큐브,1
00:44:42,월,드라마큐브,1
00:44:47,목,드라마큐브,1
00:44:50,목,드라마큐브,1
00:45:05,토,드라마큐브,1
00:45:11,목,드라마큐브,1
00:45:25,일,드라마큐브,1
00:45:53,목,드라마큐브,1
00:46:15,수,드라마큐브,1
00:46:32,화,드라마큐브,1
00:46:36,금,드라마큐브,0
00:46:38,금,드라마큐브,0
00:46:43,토,드라마큐브,1
00:47:13,토,드라마큐브,1
00:47:19,목,드라마큐브,1
00:48:31,목,드라마큐브,1
00:48:40,화,드라마큐브,1
00:48:43,금,드라마큐브,0
00:48:45,금,드라마큐브,0
00:48:51,금,드라마큐브,0
00:48:57,금,드라마큐브,0
00:49:24,일,드라마큐브,1
00:49:35,금,드라마큐브,0
00:50:00,월,드라마큐브,1
00:50:39,목,드라마큐브,1
00:50:49,수,드라마큐브,1
00:50:59,금,드라마큐브,1
00:51:00,화,드라마큐브,1
00:51:05,금,드라마큐브,1
00:51:13,월,드라마큐브,1
00:51:19,화,드라마큐브,1
00:51:31,일,드라마큐브,1
00:51:39,월,드라마큐브,1
00:51:43,금,드라마큐브,1
00:52:08,월,드라마큐브,1
00:52:34,토,드라마큐브,1
00:52:57,수,드라마큐브,1
00:53:08,화,드라마큐브,1
00:53:21,월,드라마큐브,1
00:53:23,목,드라마큐브,1
00:53:27,화,드라마큐브,1
00:53:45,목,드라마큐브,1
00:53:47,월,드라마큐브,1
00:54:42,토,드라마큐브,1
00:55:15,월,드라마큐브,1
00:55:32,목,드라마큐브,1
00:55:53,목,드라마큐브,1
00:57:24,월,드라마큐브,1
00:57:38,화,드라마큐브,1
00:58:24,월,드라마큐브,1
00:58:41,토,드라마큐브,1
00:58:55,월,드라마큐브,1
00:58:57,토,드라마큐브,1
00:59:15,화,드라마큐브,1
00:59:32,금,드라마큐브,1
00:59:32,수,드라마큐브,1
00:59:45,화,드라마큐브,1
00:59:53,목,드라마큐브,1
00:59:53,화,드라마큐브,1
01:00:05,일,드라마큐브,1
01:00:32,월,드라마큐브,1
01:00:35,수,드라마큐브,1
01:00:49,토,드라마큐브,1
01:00:53,토,드라마큐브,1
01:00:55,토,드라마큐브,1
01:01:03,월,드라마큐브,1
01:01:05,토,드라마큐브,1
01:01:23,화,드라마큐브,1
01:01:40,금,드라마큐브,1
01:01:40,수,드라마큐브,1
01:02:01,목,드라마큐브,1
01:02:01,화,드라마큐브,1
01:02:13,일,드라마큐브,1
01:02:43,수,드라마큐브,1
01:02:53,일,드라마큐브,1
01:03:01,토,드라마큐브,1
01:03:03,토,드라마큐브,1
01:03:43,일,드라마큐브,1
01:03:50,화,드라마큐브,1
01:04:03,목,드라마큐브,1
01:04:34,월,드라마큐브,1
01:05:01,일,드라마큐브,1
01:05:20,금,드라마큐브,1
01:05:43,목,드라마큐브,1
01:05:51,일,드라마큐브,1
01:05:58,화,드라마큐브,1
01:06:01,목,드라마큐브,1
01:06:11,목,드라마큐브,1
01:06:14,월,드라마큐브,1
01:06:42,월,드라마큐브,1
01:06:50,화,드라마큐브,1
01:07:19,수,드라마큐브,1
01:07:28,금,드라마큐브,1
01:07:41,수,드라마큐브,1
01:07:42,목,드라마큐브,1
01:07:51,목,드라마큐브,1
01:08:04,토,드라마큐브,1
01:08:09,목,드라마큐브,1
01:08:22,월,드라마큐브,1
01:08:58,화,드라마큐브,1
01:09:27,수,드라마큐브,1
01:09:34,화,드라마큐브,1
01:09:35,토,드라마큐브,1
01:09:40,월,드라마큐브,1
01:09:49,수,드라마큐브,1
01:09:50,목,드라마큐브,1
01:10:12,토,드라마큐브,1
01:10:47,수,드라마큐브,0
01:10:52,수,드라마큐브,0
01:10:57,수,드라마큐브,0
01:10:59,목,드라마큐브,1
01:11:02,수,드라마큐브,0
01:11:07,수,드라마큐브,0
01:11:27,수,드라마큐브,0
01:11:42,화,드라마큐브,1
01:11:43,토,드라마큐브,1
01:11:48,수,드라마큐브,0
01:11:48,월,드라마큐브,1
01:12:08,금,드라마큐브,1
01:12:22,화,드라마큐브,1
01:13:07,목,드라마큐브,1
01:13:24,수,드라마큐브,0
01:13:29,수,드라마큐브,0
01:13:34,화,드라마큐브,1
01:13:34,수,드라마큐브,0
01:13:35,수,드라마큐브,0
01:13:39,수,드라마큐브,0
01:13:44,수,드라마큐브,0
01:13:56,수,드라마큐브,0
01:13:57,일,드라마큐브,1
01:14:12,토,드라마큐브,1
01:14:15,월,드라마큐브,1
01:14:16,금,드라마큐브,1
01:14:30,화,드라마큐브,1
01:14:55,월,드라마큐브,1
01:15:08,월,드라마큐브,1
01:15:29,수,드라마큐브,0
01:15:32,금,드라마큐브,1
01:15:42,화,드라마큐브,1
01:15:45,목,드라마큐브,1
01:16:05,일,드라마큐브,1
01:16:10,수,드라마큐브,0
01:16:20,토,드라마큐브,1
01:16:23,월,드라마큐브,1
01:17:03,월,드라마큐브,1
01:17:16,월,드라마큐브,1
01:17:29,월,드라마큐브,1
01:17:37,수,드라마큐브,0
01:17:40,금,드라마큐브,1
01:17:53,목,드라마큐브,1
01:18:18,수,드라마큐브,0
01:18:24,목,드라마큐브,1
01:19:03,수,드라마큐브,0
01:19:16,수,드라마큐브,0
01:19:36,월,드라마큐브,1
01:19:37,월,드라마큐브,1
01:20:18,화,드라마큐브,1
01:20:27,수,드라마큐브,0
01:20:32,목,드라마큐브,1
01:21:01,화,드라마큐브,1
01:21:02,목,드라마큐브,1
01:21:11,수,드라마큐브,0
01:21:12,수,드라마큐브,0
01:21:20,화,드라마큐브,1
01:21:24,수,드라마큐브,0
01:21:25,목,드라마큐브,1
01:21:27,목,드라마큐브,1
01:21:32,수,드라마큐브,0
01:21:44,월,드라마큐브,1
01:21:48,수,드라마큐브,0
01:22:26,화,드라마큐브,1
01:22:35,수,드라마큐브,0
01:22:44,수,드라마큐브,0
01:22:56,토,드라마큐브,1
01:23:04,수,드라마큐브,0
01:23:09,화,드라마큐브,1
01:23:10,목,드라마큐브,1
01:23:20,수,드라마큐브,0
01:23:28,화,드라마큐브,1
01:23:33,목,드라마큐브,1
01:23:35,목,드라마큐브,1
01:23:40,수,드라마큐브,0
01:23:56,수,드라마큐브,0
01:24:00,월,드라마큐브,1
01:24:00,목,드라마큐브,1
01:24:50,금,드라마큐브,1
01:24:53,수,드라마큐브,0
01:25:03,토,드라마큐브,1
01:25:12,수,드라마큐브,0
01:25:49,금,드라마큐브,1
01:26:02,월,드라마큐브,1
01:26:02,화,드라마큐브,1
01:26:08,목,드라마큐브,1
01:26:08,월,드라마큐브,1
01:26:21,토,드라마큐브,1
01:26:45,일,드라마큐브,1
01:26:58,금,드라마큐브,1
01:27:23,월,드라마큐브,1
01:27:31,토,드라마큐브,1
01:27:44,토,드라마큐브,1
01:27:55,토,드라마큐브,1
01:27:57,금,드라마큐브,1
01:28:09,화,드라마큐브,1
01:28:10,월,드라마큐브,1
01:28:24,토,드라마큐브,1
01:28:29,토,드라마큐브,1
01:28:48,토,드라마큐브,1
01:28:50,수,드라마큐브,0
01:28:53,일,드라마큐브,1
01:29:20,금,드라마큐브,1
01:29:30,수,드라마큐브,0
01:29:32,월,드라마큐브,1
01:29:39,토,드라마큐브,1
01:29:52,토,드라마큐브,1
01:30:03,토,드라마큐브,1
01:30:32,토,드라마큐브,1
01:30:51,일,드라마큐브,1
01:30:56,토,드라마큐브,1
01:30:58,수,드라마큐브,1
01:31:28,금,드라마큐브,1
01:31:38,수,드라마큐브,1
01:32:11,수,드라마큐브,1
01:32:59,일,드라마큐브,1
01:33:42,수,드라마큐브,1
01:33:44,수,드라마큐브,1
01:34:19,수,드라마큐브,1
01:35:13,수,드라마큐브,1
01:35:42,토,드라마큐브,1
01:35:50,수,드라마큐브,1
01:35:52,수,드라마큐브,1
01:36:30,토,드라마큐브,1
01:36:43,월,드라마큐브,1
01:37:10,금,드라마큐브,1
01:37:12,목,드라마큐브,1
01:37:22,수,드라마큐브,1
01:37:50,토,드라마큐브,1
01:38:26,수,드라마큐브,1
01:38:39,토,드라마큐브,1
01:38:51,월,드라마큐브,1
01:39:18,금,드라마큐브,1
01:39:21,목,드라마큐브,1
01:40:11,화,드라마큐브,1
01:40:34,수,드라마큐브,1
01:42:19,화,드라마큐브,1
01:42:22,월,드라마큐브,1
01:43:04,수,드라마큐브,1
01:43:13,금,드라마큐브,1
01:43:30,수,드라마큐브,1
01:43:58,금,드라마큐브,1
01:44:30,월,드라마큐브,1
01:44:55,월,드라마큐브,1
01:45:12,수,드라마큐브,1
01:45:21,금,드라마큐브,1
01:45:38,수,드라마큐브,1
01:46:07,금,드라마큐브,1
01:46:27,금,드라마큐브,1
01:47:03,월,드라마큐브,1
01:47:10,토,드라마큐브,1
01:48:35,금,드라마큐브,1
01:48:56,토,드라마큐브,1
01:49:18,토,드라마큐브,1
01:49:32,금,드라마큐브,1
01:49:32,화,드라마큐브,1
01:49:41,일,드라마큐브,1
01:49:55,토,드라마큐브,1
01:50:03,토,드라마큐브,1
01:50:24,일,드라마큐브,1
01:50:26,월,드라마큐브,1
01:50:40,금,드라마큐브,1
01:51:04,토,드라마큐브,1
01:51:30,월,드라마큐브,1
01:51:40,금,드라마큐브,1
01:51:40,화,드라마큐브,1
01:51:49,일,드라마큐브,1
01:51:59,토,드라마큐브,1
01:52:03,토,드라마큐브,1
01:52:06,토,드라마큐브,1
01:52:11,토,드라마큐브,1
01:52:32,일,드라마큐브,1
01:52:34,월,드라마큐브,1
01:52:48,금,드라마큐브,1
01:53:31,토,드라마큐브,1
01:53:38,월,드라마큐브,1
01:54:08,토,드라마큐브,1
01:54:09,월,드라마큐브,1
01:54:14,토,드라마큐브,1
01:54:35,금,드라마큐브,1
01:54:57,월,드라마큐브,1
01:55:10,목,드라마큐브,1
01:55:39,토,드라마큐브,1
01:56:17,월,드라마큐브,1
01:56:18,금,드라마큐브,1
01:56:43,금,드라마큐브,1
01:56:54,토,드라마큐브,1
01:57:05,월,드라마큐브,1
01:57:18,목,드라마큐브,1
01:57:44,화,드라마큐브,1
01:58:26,금,드라마큐브,1
01:59:02,토,드라마큐브,1
01:59:50,화,드라마큐브,1
01:59:51,금,드라마큐브,1
01:59:52,화,드라마큐브,1
02:00:54,토,드라마큐브,1
02:00:56,금,드라마큐브,1
02:00:58,금,드라마큐브,1
02:01:16,화,드라마큐브,1
02:01:35,일,드라마큐브,0
02:01:35,목,드라마큐브,0
02:01:46,월,드라마큐브,1
02:01:55,금,드라마큐브,1
02:01:57,목,드라마큐브,0
02:01:58,화,드라마큐브,1
02:02:00,금,드라마큐브,1
02:02:07,일,드라마큐브,0
02:02:11,화,드라마큐브,1
02:02:17,일,드라마큐브,0
02:02:22,목,드라마큐브,0
02:02:23,일,드라마큐브,0
02:03:02,토,드라마큐브,1
02:03:04,화,드라마큐브,1
02:03:05,금,드라마큐브,1
02:03:07,금,드라마큐브,1
02:03:10,월,드라마큐브,1
02:03:19,월,드라마큐브,1
02:03:24,화,드라마큐브,1
02:03:29,화,드라마큐브,1
02:03:42,목,드라마큐브,0
02:03:43,일,드라마큐브,0
02:03:44,목,드라마큐브,0
02:03:44,일,드라마큐브,0
02:03:54,월,드라마큐브,1
02:04:04,금,드라마큐브,1
02:04:05,목,드라마큐브,0
02:04:15,일,드라마큐브,0
02:04:19,화,드라마큐브,1
02:04:24,금,드라마큐브,1
02:04:24,금,드라마큐브,1
02:04:25,일,드라마큐브,0
02:04:30,일,드라마큐브,0
02:04:30,목,드라마큐브,0
02:04:39,목,드라마큐브,0
02:05:12,화,드라마큐브,1
02:05:18,월,드라마큐브,1
02:05:27,월,드라마큐브,1
02:05:37,화,드라마큐브,1
02:05:52,목,드라마큐브,0
02:05:52,일,드라마큐브,0
02:06:02,목,드라마큐브,0
02:06:06,목,드라마큐브,0
02:06:14,화,드라마큐브,1
02:06:32,금,드라마큐브,1
02:06:33,금,드라마큐브,1
02:06:35,토,드라마큐브,1
02:06:44,일,드라마큐브,0
02:06:47,목,드라마큐브,0
02:07:22,일,드라마큐브,0
02:07:58,일,드라마큐브,0
02:08:10,목,드라마큐브,0
02:08:14,목,드라마큐브,0
02:08:22,화,드라마큐브,1
02:08:43,토,드라마큐브,1
02:08:51,일,드라마큐브,0
02:08:51,일,드라마큐브,0
02:08:58,목,드라마큐브,0
02:09:30,일,드라마큐브,0
02:09:48,일,드라마큐브,0
02:10:06,일,드라마큐브,1
02:10:48,월,드라마큐브,1
02:10:49,일,드라마큐브,1
02:10:59,일,드라마큐브,1
02:11:04,금,드라마큐브,1
02:11:06,목,드라마큐브,1
02:11:37,목,드라마큐브,1
02:11:40,일,드라마큐브,1
02:11:56,일,드라마큐브,1
02:12:31,목,드라마큐브,1
02:12:36,월,드라마큐브,1
02:12:56,월,드라마큐브,1
02:12:57,일,드라마큐브,1
02:13:12,금,드라마큐브,1
02:13:38,일,드라마큐브,1
02:13:43,토,드라마큐브,1
02:13:45,목,드라마큐브,1
02:13:47,일,드라마큐브,1
02:13:53,화,드라마큐브,1
02:14:03,금,드라마큐브,1
02:14:39,목,드라마큐브,1
02:14:44,월,드라마큐브,1
02:14:53,월,드라마큐브,1
02:15:18,금,드라마큐브,1
02:15:29,토,드라마큐브,1
02:15:31,화,드라마큐브,1
02:15:44,화,드라마큐브,1
02:15:46,일,드라마큐브,1
02:15:51,토,드라마큐브,1
02:16:01,화,드라마큐브,1
02:16:10,화,드라마큐브,1
02:16:10,금,드라마큐브,1
02:17:01,월,드라마큐브,1
02:17:26,금,드라마큐브,1
02:17:37,토,드라마큐브,1
02:17:39,화,드라마큐브,1
02:17:52,화,드라마큐브,1
02:18:18,화,드라마큐브,1
02:19:35,월,드라마큐브,1
02:20:11,금,드라마큐브,1
02:20:28,토,드라마큐브,1
02:20:40,월,드라마큐브,1
02:21:01,화,드라마큐브,1
02:21:01,월,드라마큐브,1
02:21:15,토,드라마큐브,1
02:21:18,목,드라마큐브,1
02:21:21,수,드라마큐브,1
02:21:42,목,드라마큐브,1
02:21:43,월,드라마큐브,1
02:22:19,금,드라마큐브,1
02:22:36,토,드라마큐브,1
02:22:48,월,드라마큐브,1
02:23:09,화,드라마큐브,1
02:23:09,월,드라마큐브,1
02:23:11,금,드라마큐브,1
02:23:23,토,드라마큐브,1
02:23:26,목,드라마큐브,1
02:23:29,수,드라마큐브,1
02:23:50,목,드라마큐브,1
02:23:54,일,드라마큐브,1
02:24:00,금,드라마큐브,1
02:25:19,금,드라마큐브,1
02:26:03,일,드라마큐브,1
02:26:09,화,드라마큐브,1
02:26:09,금,드라마큐브,1
02:27:00,목,드라마큐브,1
02:27:16,일,드라마큐브,1
02:27:43,일,드라마큐브,1
02:28:05,금,드라마큐브,1
02:28:17,화,드라마큐브,1
02:29:03,토,드라마큐브,1
02:29:08,목,드라마큐브,1
02:29:24,일,드라마큐브,1
02:29:51,일,드라마큐브,1
02:30:13,금,드라마큐브,1
02:30:15,금,드라마큐브,1
02:30:20,목,드라마큐브,1
02:30:45,일,드라마큐브,1
02:31:12,토,드라마큐브,1
02:31:42,목,드라마큐브,1
02:31:55,화,드라마큐브,1
02:32:09,수,드라마큐브,1
02:32:23,금,드라마큐브,1
02:32:28,목,드라마큐브,1
02:32:53,일,드라마큐브,1
02:33:18,목,드라마큐브,1
02:33:21,토,드라마큐브,1
02:33:50,목,드라마큐브,1
02:33:52,월,드라마큐브,1
02:34:04,화,드라마큐브,1
02:34:06,화,드라마큐브,1
02:34:17,수,드라마큐브,1
02:34:26,토,드라마큐브,1
02:35:14,토,드라마큐브,1
02:35:14,월,드라마큐브,1
02:35:26,목,드라마큐브,1
02:35:28,수,드라마큐브,1
02:35:29,토,드라마큐브,1
02:35:41,목,드라마큐브,1
02:35:41,금,드라마큐브,1
02:35:52,화,드라마큐브,1
02:36:00,월,드라마큐브,1
02:36:14,월,드라마큐브,1
02:36:14,화,드라마큐브,1
02:36:34,토,드라마큐브,1
02:37:22,월,드라마큐브,1
02:37:22,토,드라마큐브,1
02:37:36,수,드라마큐브,1
02:37:48,금,드라마큐브,1
02:37:48,월,드라마큐브,1
02:37:49,목,드라마큐브,1
02:38:00,화,드라마큐브,1
02:38:03,화,드라마큐브,1
02:38:05,일,드라마큐브,1
02:38:07,월,드라마큐브,1
02:38:23,월,드라마큐브,1
02:38:49,화,드라마큐브,1
02:39:12,화,드라마큐브,1
02:39:25,목,드라마큐브,1
02:39:44,목,드라마큐브,1
02:39:56,월,드라마큐브,1
02:40:11,화,드라마큐브,1
02:40:13,일,드라마큐브,1
02:40:15,월,드라마큐브,1
02:40:18,수,드라마큐브,1
02:40:37,목,드라마큐브,1
02:40:41,월,드라마큐브,1
02:40:56,화,드라마큐브,1
02:41:20,화,드라마큐브,1
02:41:33,목,드라마큐브,1
02:41:39,금,드라마큐브,1
02:41:42,수,드라마큐브,1
02:41:53,목,드라마큐브,1
02:42:15,금,드라마큐브,1
02:42:16,월,드라마큐브,1
02:42:21,월,드라마큐브,1
02:42:26,수,드라마큐브,1
02:42:45,목,드라마큐브,1
02:42:45,금,드라마큐브,1
02:42:49,월,드라마큐브,1
02:43:19,수,드라마큐브,1
02:43:28,금,드라마큐브,1
02:43:47,금,드라마큐브,1
02:43:48,목,드라마큐브,1
02:43:50,수,드라마큐브,1
02:44:22,금,드라마큐브,1
02:44:24,월,드라마큐브,1
02:44:29,월,드라마큐브,1
02:44:53,금,드라마큐브,1
02:44:55,토,드라마큐브,1
02:45:26,월,드라마큐브,1
02:45:27,수,드라마큐브,1
02:45:36,금,드라마큐브,1
02:45:51,수,드라마큐브,1
02:45:55,일,드라마큐브,1
02:45:56,목,드라마큐브,1
02:47:01,수,드라마큐브,1
02:47:03,토,드라마큐브,1
02:47:14,목,드라마큐브,1
02:47:34,월,드라마큐브,1
02:47:59,수,드라마큐브,1
02:48:03,일,드라마큐브,1
02:48:17,수,드라마큐브,1
02:48:59,일,드라마큐브,1
02:49:09,수,드라마큐브,1
02:49:22,목,드라마큐브,1
02:50:08,화,드라마큐브,1
02:50:25,수,드라마큐브,0
02:50:25,금,드라마큐브,1
02:50:45,수,드라마큐브,0
02:50:55,토,드라마큐브,1
02:51:07,일,드라마큐브,1
02:51:41,화,드라마큐브,1
02:51:55,토,드라마큐브,1
02:52:16,화,드라마큐브,1
02:52:25,일,드라마큐브,1
02:52:33,금,드라마큐브,1
02:52:53,수,드라마큐브,0
02:52:55,수,드라마큐브,0
02:52:56,목,드라마큐브,1
02:53:03,토,드라마큐브,1
02:53:49,화,드라마큐브,1
02:54:03,토,드라마큐브,1
02:54:33,일,드라마큐브,1
02:54:36,수,드라마큐브,0
02:54:56,수,드라마큐브,0
02:55:03,수,드라마큐브,0
02:55:04,목,드라마큐브,1
02:55:15,일,드라마큐브,1
02:55:25,목,드라마큐브,1
02:55:25,일,드라마큐브,1
02:55:32,수,드라마큐브,0
02:55:54,화,드라마큐브,1
02:56:00,목,드라마큐브,1
02:56:45,수,드라마큐브,0
02:57:04,수,드라마큐브,0
02:57:08,수,드라마큐브,0
02:57:23,일,드라마큐브,1
02:57:31,수,드라마큐브,0
02:57:32,수,드라마큐브,0
02:57:33,일,드라마큐브,1
02:57:34,목,드라마큐브,1
02:57:39,수,드라마큐브,0
02:57:56,화,드라마큐브,1
02:58:02,화,드라마큐브,1
02:58:09,목,드라마큐브,1
02:59:16,수,드라마큐브,0
02:59:19,화,드라마큐브,1
02:59:31,목,드라마큐브,1
02:59:39,수,드라마큐브,0
02:59:40,수,드라마큐브,0
03:00:01,금,드라마큐브,1
03:00:04,화,드라마큐브,1
03:00:43,토,드라마큐브,0
03:01:02,금,드라마큐브,1
03:01:16,토,드라마큐브,0
03:01:25,월,드라마큐브,1
03:01:27,화,드라마큐브,1
03:01:32,화,드라마큐브,1
03:01:39,목,드라마큐브,1
03:01:46,월,드라마큐브,1
03:01:53,토,드라마큐브,0
03:02:10,금,드라마큐브,1
03:02:21,월,드라마큐브,1
03:02:29,수,드라마큐브,1
03:02:43,금,드라마큐브,1
03:02:51,수,드라마큐브,1
03:02:52,토,드라마큐브,0
03:02:58,월,드라마큐브,1
03:03:10,금,드라마큐브,1
03:03:24,토,드라마큐브,0
03:03:33,월,드라마큐브,1
03:03:40,화,드라마큐브,1
03:03:54,월,드라마큐브,1
03:04:00,토,드라마큐브,0
03:04:01,토,드라마큐브,0
03:04:22,토,드라마큐브,0
03:04:29,월,드라마큐브,1
03:04:32,토,드라마큐브,0
03:04:37,수,드라마큐브,1
03:04:51,금,드라마큐브,1
03:04:59,수,드라마큐브,1
03:05:06,월,드라마큐브,1
03:05:17,수,드라마큐브,1
03:05:24,월,드라마큐브,1
03:05:42,일,드라마큐브,1
03:05:44,월,드라마큐브,1
03:06:08,토,드라마큐브,0
03:06:30,토,드라마큐브,0
03:06:36,화,드라마큐브,1
03:06:39,금,드라마큐브,1
03:06:40,토,드라마큐브,0
03:07:03,수,드라마큐브,1
03:07:05,토,드라마큐브,0
03:07:25,수,드라마큐브,1
03:07:32,월,드라마큐브,1
03:07:44,금,드라마큐브,1
03:07:50,일,드라마큐브,1
03:07:52,월,드라마큐브,1
03:08:44,화,드라마큐브,1
03:08:47,금,드라마큐브,1
03:08:56,화,드라마큐브,1
03:09:11,수,드라마큐브,1
03:09:13,토,드라마큐브,0
03:09:52,금,드라마큐브,1
03:09:55,수,드라마큐브,1
03:10:26,토,드라마큐브,1
03:10:37,일,드라마큐브,1
03:11:04,화,드라마큐브,1
03:11:36,목,드라마큐브,1
03:11:50,금,드라마큐브,1
03:11:56,수,드라마큐브,1
03:12:03,수,드라마큐브,1
03:12:34,토,드라마큐브,1
03:12:35,목,드라마큐브,1
03:12:44,일,드라마큐브,1
03:12:45,일,드라마큐브,1
03:13:01,화,드라마큐브,1
03:13:20,화,드라마큐브,1
03:13:39,월,드라마큐브,1
03:13:42,금,드라마큐브,1
03:13:43,목,드라마큐브,1
03:13:58,금,드라마큐브,1
03:14:04,수,드라마큐브,1
03:14:23,화,드라마큐브,1
03:14:24,목,드라마큐브,1
03:14:43,목,드라마큐브,1
03:14:52,일,드라마큐브,1
03:14:56,월,드라마큐브,1
03:15:09,화,드라마큐브,1
03:15:28,화,드라마큐브,1
03:15:47,월,드라마큐브,1
03:15:48,수,드라마큐브,1
03:15:51,금,드라마큐브,1
03:15:51,토,드라마큐브,1
03:16:21,금,드라마큐브,1
03:16:23,금,드라마큐브,1
03:16:31,화,드라마큐브,1
03:16:32,목,드라마큐브,1
03:16:36,토,드라마큐브,1
03:17:03,월,드라마큐브,1
03:17:11,일,드라마큐브,1
03:17:33,토,드라마큐브,1
03:17:42,금,드라마큐브,1
03:17:42,일,드라마큐브,1
03:17:56,수,드라마큐브,1
03:17:59,토,드라마큐브,1
03:18:03,금,드라마큐브,1
03:18:12,수,드라마큐브,1
03:18:29,금,드라마큐브,1
03:18:31,금,드라마큐브,1
03:18:44,토,드라마큐브,1
03:18:46,토,드라마큐브,1
03:18:52,목,드라마큐브,1
03:19:19,일,드라마큐브,1
03:19:41,토,드라마큐브,1
03:19:50,일,드라마큐브,1
03:19:50,금,드라마큐브,1
03:20:11,금,드라마큐브,1
03:20:16,수,드라마큐브,1
03:20:20,수,드라마큐브,1
03:20:23,토,드라마큐브,1
03:20:31,목,드라마큐브,1
03:20:54,토,드라마큐브,1
03:20:59,일,드라마큐브,1
03:21:00,목,드라마큐브,1
03:21:06,목,드라마큐브,1
03:21:51,월,드라마큐브,1
03:22:24,수,드라마큐브,1
03:22:29,토,드라마큐브,1
03:22:31,토,드라마큐브,1
03:22:40,목,드라마큐브,1
03:22:45,토,드라마큐브,1
03:23:07,일,드라마큐브,1
03:23:14,목,드라마큐브,1
03:23:18,금,드라마큐브,1
03:23:20,토,드라마큐브,1
03:23:24,화,드라마큐브,1
03:23:35,화,드라마큐브,1
03:23:59,월,드라마큐브,1
03:24:14,월,드라마큐브,1
03:24:21,화,드라마큐브,1
03:24:35,금,드라마큐브,1
03:24:37,토,드라마큐브,1
03:24:38,금,드라마큐브,1
03:24:53,토,드라마큐브,1
03:25:26,금,드라마큐브,1
03:25:28,토,드라마큐브,1
03:25:31,화,드라마큐브,1
03:25:43,화,드라마큐브,1
03:26:20,일,드라마큐브,1
03:26:22,월,드라마큐브,1
03:26:29,화,드라마큐브,1
03:26:43,금,드라마큐브,1
03:26:46,금,드라마큐브,1
03:26:52,목,드라마큐브,1
03:28:28,일,드라마큐브,1
03:28:40,목,드라마큐브,1
03:28:46,화,드라마큐브,1
03:29:00,목,드라마큐브,1
03:29:00,수,드라마큐브,1
03:29:06,월,드라마큐브,1
03:29:48,수,드라마큐브,1
03:30:48,목,드라마큐브,1
03:30:50,금,드라마큐브,1
03:30:54,화,드라마큐브,1
03:31:08,수,드라마큐브,1
03:31:14,월,드라마큐브,1
03:31:48,금,드라마큐브,1
03:31:56,수,드라마큐브,1
03:32:35,목,드라마큐브,1
03:32:38,목,드라마큐브,1
03:32:58,금,드라마큐브,1
03:33:05,금,드라마큐브,1
03:33:16,목,드라마큐브,1
03:33:56,금,드라마큐브,1
03:34:05,일,드라마큐브,1
03:34:07,토,드라마큐브,1
03:34:14,화,드라마큐브,1
03:34:43,목,드라마큐브,1
03:34:46,목,드라마큐브,1
03:35:03,수,드라마큐브,1
03:35:08,일,드라마큐브,1
03:35:13,금,드라마큐브,1
03:35:24,목,드라마큐브,1
03:35:25,일,드라마큐브,1
03:35:25,월,드라마큐브,1
03:35:27,수,드라마큐브,1
03:35:36,월,드라마큐브,1
03:35:53,목,드라마큐브,1
03:35:54,화,드라마큐브,1
03:36:13,일,드라마큐브,1
03:36:15,토,드라마큐브,1
03:36:21,월,드라마큐브,1
03:36:22,화,드라마큐브,1
03:36:34,금,드라마큐브,1
03:36:59,목,드라마큐브,1
03:37:06,월,드라마큐브,1
03:37:11,수,드라마큐브,1
03:37:16,일,드라마큐브,1
03:37:33,월,드라마큐브,1
03:37:33,일,드라마큐브,1
03:37:35,수,드라마큐브,1
03:37:35,월,드라마큐브,1
03:37:44,월,드라마큐브,1
03:37:51,금,드라마큐브,1
03:38:01,목,드라마큐브,1
03:38:02,화,드라마큐브,1
03:38:19,토,드라마큐브,1
03:38:29,월,드라마큐브,1
03:38:42,금,드라마큐브,1
03:38:59,목,드라마큐브,1
03:39:07,목,드라마큐브,1
03:39:14,월,드라마큐브,1
03:39:26,일,드라마큐브,1
03:39:43,월,드라마큐브,1
03:39:46,금,드라마큐브,1
03:39:54,토,드라마큐브,1
03:39:55,수,드라마큐브,1
03:40:00,금,드라마큐브,1
03:40:25,월,드라마큐브,1
03:40:27,토,드라마큐브,1
03:40:31,토,드라마큐브,1
03:40:35,일,드라마큐브,0
03:40:39,목,드라마큐브,1
03:40:45,토,드라마큐브,1
03:40:46,화,드라마큐브,1
03:40:52,목,드라마큐브,1
03:41:06,목,드라마큐브,1
03:41:20,일,드라마큐브,0
03:41:23,화,드라마큐브,1
03:41:34,일,드라마큐브,0
03:41:54,금,드라마큐브,1
03:42:02,토,드라마큐브,1
03:42:03,수,드라마큐브,1
03:42:09,화,드라마큐브,1
03:42:22,목,드라마큐브,1
03:42:26,목,드라마큐브,1
03:42:32,토,드라마큐브,1
03:42:33,월,드라마큐브,1
03:42:39,토,드라마큐브,1
03:42:40,화,드라마큐브,1
03:42:43,일,드라마큐브,0
03:42:47,목,드라마큐브,1
03:42:54,토,드라마큐브,1
03:42:54,화,드라마큐브,1
03:43:00,목,드라마큐브,1
03:43:06,수,드라마큐브,1
03:43:28,일,드라마큐브,0
03:43:32,화,드라마큐브,1
03:43:41,화,드라마큐브,1
03:44:14,화,드라마큐브,1
03:44:17,화,드라마큐브,1
03:44:24,수,드라마큐브,1
03:44:30,목,드라마큐브,1
03:44:34,목,드라마큐브,1
03:44:40,토,드라마큐브,1
03:44:44,금,드라마큐브,1
03:44:48,화,드라마큐브,1
03:44:52,목,드라마큐브,1
03:44:56,금,드라마큐브,1
03:45:15,수,드라마큐브,1
03:45:44,일,드라마큐브,0
03:45:49,화,드라마큐브,1
03:45:54,월,드라마큐브,1
03:46:08,수,드라마큐브,1
03:46:21,수,드라마큐브,1
03:46:22,화,드라마큐브,1
03:46:32,수,드라마큐브,1
03:46:43,일,드라마큐브,0
03:46:50,수,드라마큐브,1
03:46:51,일,드라마큐브,0
03:46:52,금,드라마큐브,1
03:46:55,토,드라마큐브,1
03:46:59,일,드라마큐브,0
03:47:00,목,드라마큐브,1
03:47:03,월,드라마큐브,1
03:47:04,금,드라마큐브,1
03:47:16,일,드라마큐브,0
03:47:24,일,드라마큐브,0
03:47:42,목,드라마큐브,1
03:47:52,일,드라마큐브,0
03:47:57,금,드라마큐브,1
03:48:02,월,드라마큐브,1
03:48:05,월,드라마큐브,1
03:48:09,월,드라마큐브,1
03:48:16,수,드라마큐브,1
03:48:29,수,드라마큐브,1
03:48:34,화,드라마큐브,1
03:48:39,월,드라마큐브,1
03:48:51,일,드라마큐브,0
03:48:53,일,드라마큐브,0
03:48:57,수,드라마큐브,1
03:48:59,일,드라마큐브,0
03:49:01,금,드라마큐브,1
03:49:04,토,드라마큐브,1
03:49:07,일,드라마큐브,0
03:49:11,월,드라마큐브,1
03:49:24,일,드라마큐브,0
03:49:32,일,드라마큐브,0
03:49:41,수,드라마큐브,1
03:49:50,목,드라마큐브,1
03:50:05,금,드라마큐브,1
03:50:12,월,드라마큐브,1
03:50:13,월,드라마큐브,1
03:50:17,월,드라마큐브,1
03:50:41,수,드라마큐브,1
03:50:42,화,드라마큐브,1
03:50:47,월,드라마큐브,1
03:51:01,일,드라마큐브,1
03:51:09,금,드라마큐브,1
03:51:21,금,드라마큐브,1
03:51:49,수,드라마큐브,1
03:51:59,화,드라마큐브,1
03:52:15,목,드라마큐브,1
03:52:20,월,드라마큐브,1
03:52:49,수,드라마큐브,1
03:53:00,목,드라마큐브,1
03:53:29,금,드라마큐브,1
03:53:33,월,드라마큐브,1
03:53:37,수,드라마큐브,1
03:53:40,토,드라마큐브,1
03:53:56,금,드라마큐브,1
03:54:07,화,드라마큐브,1
03:54:23,목,드라마큐브,1
03:54:26,화,드라마큐브,1
03:55:00,목,드라마큐브,1
03:55:08,목,드라마큐브,1
03:55:08,수,드라마큐브,1
03:55:18,목,드라마큐브,1
03:55:30,금,드라마큐브,1
03:55:32,토,드라마큐브,1
03:55:36,일,드라마큐브,1
03:55:41,월,드라마큐브,1
03:55:42,일,드라마큐브,1
03:55:45,수,드라마큐브,1
03:55:48,토,드라마큐브,1
03:56:04,금,드라마큐브,1
03:56:06,수,드라마큐브,1
03:56:34,화,드라마큐브,1
03:56:42,월,드라마큐브,1
03:56:54,금,드라마큐브,1
03:56:55,토,드라마큐브,1
03:56:56,목,드라마큐브,1
03:57:06,월,드라마큐브,1
03:57:08,목,드라마큐브,1
03:57:13,화,드라마큐브,1
03:57:16,수,드라마큐브,1
03:57:26,목,드라마큐브,1
03:57:38,금,드라마큐브,1
03:57:40,토,드라마큐브,1
03:57:45,일,드라마큐브,1
03:57:50,일,드라마큐브,1
03:58:12,목,드라마큐브,1
03:58:14,수,드라마큐브,1
03:58:45,수,드라마큐브,1
03:58:50,월,드라마큐브,1
03:59:01,월,드라마큐브,1
03:59:02,금,드라마큐브,1
03:59:03,토,드라마큐브,1
03:59:04,목,드라마큐브,1
03:59:14,월,드라마큐브,1
03:59:21,화,드라마큐브,1
03:59:35,화,드라마큐브,1
03:59:55,화,드라마큐브,1
03:59:58,금,드라마큐브,1
04:00:09,일,드라마큐브,1
04:00:20,목,드라마큐브,1
04:00:33,금,드라마큐브,1
04:00:46,목,드라마큐브,1
04:00:53,수,드라마큐브,1
04:01:09,월,드라마큐브,1
04:01:34,목,드라마큐브,1
04:01:37,금,드라마큐브,1
04:01:43,화,드라마큐브,0
04:01:46,금,드라마큐브,1
04:01:55,수,드라마큐브,1
04:02:04,화,드라마큐브,0
04:02:04,화,드라마큐브,0
04:02:05,토,드라마큐브,1
04:02:06,금,드라마큐브,1
04:02:17,일,드라마큐브,1
04:02:41,금,드라마큐브,1
04:02:54,목,드라마큐브,1
04:02:58,목,드라마큐브,1
04:03:12,일,드라마큐브,1
04:03:17,화,드라마큐브,0
04:03:38,목,드라마큐브,1
04:03:42,목,드라마큐브,1
04:03:45,금,드라마큐브,1
04:03:54,금,드라마큐브,1
04:04:03,수,드라마큐브,1
04:04:12,화,드라마큐브,0
04:04:12,금,드라마큐브,1
04:04:13,토,드라마큐브,1
04:04:33,토,드라마큐브,1
04:04:50,화,드라마큐브,0
04:05:06,목,드라마큐브,1
04:05:09,일,드라마큐브,1
04:05:10,월,드라마큐브,1
04:05:20,일,드라마큐브,1
04:05:25,화,드라마큐브,0
04:05:25,토,드라마큐브,1
04:05:28,수,드라마큐브,1
04:05:30,화,드라마큐브,0
04:05:36,화,드라마큐브,0
04:05:44,토,드라마큐브,1
04:05:46,목,드라마큐브,1
04:06:13,월,드라마큐브,1
04:06:20,금,드라마큐브,1
04:06:41,토,드라마큐브,1
04:06:45,토,드라마큐브,1
04:06:58,화,드라마큐브,0
04:07:13,목,드라마큐브,1
04:07:17,일,드라마큐브,1
04:07:19,월,드라마큐브,1
04:07:24,화,드라마큐브,0
04:07:29,금,드라마큐브,1
04:07:33,토,드라마큐브,1
04:07:36,수,드라마큐브,1
04:07:38,화,드라마큐브,0
04:07:41,토,드라마큐브,1
04:07:44,화,드라마큐브,0
04:07:52,토,드라마큐브,1
04:07:52,토,드라마큐브,1
04:08:13,금,드라마큐브,1
04:08:21,월,드라마큐브,1
04:08:53,토,드라마큐브,1
04:09:21,목,드라마큐브,1
04:09:22,월,드라마큐브,1
04:09:29,월,드라마큐브,1
04:09:32,화,드라마큐브,0
04:09:37,금,드라마큐브,1
04:09:38,수,드라마큐브,1
04:09:45,수,드라마큐브,1
04:09:47,수,드라마큐브,1
04:09:48,토,드라마큐브,1
04:09:54,수,드라마큐브,1
04:10:00,토,드라마큐브,0
04:10:17,금,드라마큐브,1
04:10:17,일,드라마큐브,1
04:10:21,금,드라마큐브,1
04:10:29,월,드라마큐브,0
04:10:35,목,드라마큐브,0
04:10:37,일,드라마큐브,1
04:10:51,일,드라마큐브,1
04:11:09,토,드라마큐브,0
04:11:30,월,드라마큐브,0
04:11:37,월,드라마큐브,0
04:11:39,월,드라마큐브,0
04:11:46,수,드라마큐브,1
04:11:51,목,드라마큐브,0
04:11:53,수,드라마큐브,1
04:11:56,수,드라마큐브,1
04:11:59,목,드라마큐브,0
04:11:59,화,드라마큐브,1
04:12:02,수,드라마큐브,1
04:12:16,화,드라마큐브,1
04:12:24,금,드라마큐브,1
04:12:25,일,드라마큐브,1
04:12:28,월,드라마큐브,0
04:12:38,월,드라마큐브,0
04:12:43,목,드라마큐브,0
04:12:45,일,드라마큐브,1
04:12:47,토,드라마큐브,0
04:12:57,수,드라마큐브,1
04:12:59,일,드라마큐브,1
04:13:01,화,드라마큐브,1
04:13:13,목,드라마큐브,0
04:13:17,토,드라마큐브,0
04:13:44,토,드라마큐브,0
04:13:47,월,드라마큐브,0
04:13:59,목,드라마큐브,0
04:14:06,목,드라마큐브,0
04:14:06,화,드라마큐브,1
04:14:24,화,드라마큐브,1
04:14:27,일,드라마큐브,1
04:14:31,월,드라마큐브,0
04:14:36,월,드라마큐브,0
04:14:39,수,드라마큐브,1
04:14:47,목,드라마큐브,0
04:14:54,토,드라마큐브,0
04:14:55,토,드라마큐브,0
04:15:05,수,드라마큐브,1
04:15:09,화,드라마큐브,1
04:15:14,월,드라마큐브,0
04:15:18,일,드라마큐브,1
04:15:20,토,드라마큐브,0
04:15:21,목,드라마큐브,0
04:15:29,목,드라마큐브,0
04:15:50,목,드라마큐브,0
04:15:52,토,드라마큐브,0
04:15:54,월,드라마큐브,0
04:15:58,토,드라마큐브,0
04:16:11,목,드라마큐브,0
04:16:26,토,드라마큐브,0
04:16:28,목,드라마큐브,0
04:16:35,일,드라마큐브,1
04:16:39,월,드라마큐브,0
04:16:41,수,드라마큐브,1
04:16:44,월,드라마큐브,0
04:16:47,수,드라마큐브,1
04:16:49,금,드라마큐브,1
04:16:55,목,드라마큐브,0
04:17:03,토,드라마큐브,0
04:17:22,월,드라마큐브,0
04:17:23,월,드라마큐브,0
04:17:26,일,드라마큐브,1
04:17:26,일,드라마큐브,1
04:17:28,토,드라마큐브,0
04:17:37,목,드라마큐브,0
04:17:58,목,드라마큐브,0
04:18:02,토,드라마큐브,0
04:18:03,월,드라마큐브,0
04:18:07,토,드라마큐브,0
04:18:10,토,드라마큐브,0
04:18:19,목,드라마큐브,0
04:18:21,금,드라마큐브,1
04:18:22,금,드라마큐브,1
04:18:24,금,드라마큐브,1
04:18:33,토,드라마큐브,0
04:18:34,금,드라마큐브,1
04:18:36,목,드라마큐브,0
04:18:46,목,드라마큐브,0
04:18:49,수,드라마큐브,1
04:18:52,월,드라마큐브,0
04:18:57,금,드라마큐브,1
04:19:06,화,드라마큐브,1
04:19:16,월,드라마큐브,0
04:19:30,수,드라마큐브,1
04:19:31,월,드라마큐브,0
04:19:34,일,드라마큐브,1
04:19:56,수,드라마큐브,1
04:20:10,토,드라마큐브,1
04:20:18,토,드라마큐브,1
04:20:21,수,드라마큐브,0
04:20:21,목,드라마큐브,1
04:20:29,금,드라마큐브,0
04:20:30,금,드라마큐브,0
04:20:32,금,드라마큐브,0
04:20:42,금,드라마큐브,0
04:20:43,목,드라마큐브,1
04:20:48,일,드라마큐브,1
04:20:51,일,드라마큐브,1
04:20:54,목,드라마큐브,1
04:21:14,화,드라마큐브,0
04:21:24,월,드라마큐브,1
04:21:26,수,드라마큐브,0
04:21:36,수,드라마큐브,0
04:21:38,수,드라마큐브,0
04:21:52,목,드라마큐브,1
04:21:53,월,드라마큐브,1
04:22:02,토,드라마큐브,1
04:22:03,금,드라마큐브,0
04:22:04,수,드라마큐브,0
04:22:06,화,드라마큐브,0
04:22:24,금,드라마큐브,0
04:22:26,화,드라마큐브,0
04:22:29,목,드라마큐브,1
04:22:29,수,드라마큐브,0
04:22:44,일,드라마큐브,1
04:22:45,금,드라마큐브,0
04:22:50,목,드라마큐브,1
04:22:54,토,드라마큐브,1
04:22:56,일,드라마큐브,1
04:22:57,금,드라마큐브,0
04:22:59,일,드라마큐브,1
04:23:09,화,드라마큐브,0
04:23:30,금,드라마큐브,0
04:23:34,수,드라마큐브,0
04:23:45,수,드라마큐브,0
04:24:01,목,드라마큐브,1
04:24:01,월,드라마큐브,1
04:24:10,토,드라마큐브,1
04:24:11,금,드라마큐브,0
04:24:13,수,드라마큐브,0
04:24:14,화,드라마큐브,0
04:24:22,수,드라마큐브,0
04:24:25,수,드라마큐브,0
04:24:32,금,드라마큐브,0
04:24:34,화,드라마큐브,0
04:24:51,금,드라마큐브,0
04:24:52,일,드라마큐브,1
04:24:52,화,드라마큐브,0
04:24:53,금,드라마큐브,0
04:25:03,토,드라마큐브,1
04:25:05,금,드라마큐브,0
04:25:17,화,드라마큐브,0
04:25:18,화,드라마큐브,0
04:25:33,목,드라마큐브,1
04:25:39,금,드라마큐브,0
04:26:10,월,드라마큐브,1
04:26:21,수,드라마큐브,0
04:26:26,화,드라마큐브,0
04:26:30,수,드라마큐브,0
04:26:33,수,드라마큐브,0
04:26:42,토,드라마큐브,1
04:26:49,토,드라마큐브,1
04:26:54,수,드라마큐브,0
04:26:59,금,드라마큐브,0
04:27:00,화,드라마큐브,0
04:27:09,목,드라마큐브,1
04:27:17,토,드라마큐브,1
04:27:17,화,드라마큐브,0
04:27:19,금,드라마큐브,0
04:27:21,월,드라마큐브,1
04:27:26,화,드라마큐브,0
04:27:27,일,드라마큐브,1
04:27:42,목,드라마큐브,1
04:28:05,토,드라마큐브,1
04:28:18,월,드라마큐브,1
04:28:23,일,드라마큐브,1
04:28:24,목,드라마큐브,1
04:28:33,화,드라마큐브,0
04:28:35,일,드라마큐브,1
04:28:38,화,드라마큐브,0
04:28:50,토,드라마큐브,1
04:28:58,토,드라마큐브,1
04:29:00,일,드라마큐브,1
04:29:02,수,드라마큐브,0
04:29:17,목,드라마큐브,1
04:29:17,월,드라마큐브,1
04:29:25,토,드라마큐브,1
04:29:25,화,드라마큐브,0
04:29:27,금,드라마큐브,0
04:29:28,월,드라마큐브,1
04:29:36,일,드라마큐브,1
04:29:36,목,드라마큐브,1
04:29:55,일,드라마큐브,1
04:30:14,토,드라마큐브,1
04:30:17,금,드라마큐브,1
04:30:31,일,드라마큐브,1
04:30:32,목,드라마큐브,1
04:30:43,일,드라마큐브,1
04:30:46,화,드라마큐브,1
04:30:54,월,드라마큐브,0
04:31:01,금,드라마큐브,1
04:31:03,수,드라마큐브,0
04:31:08,일,드라마큐브,1
04:31:17,화,드라마큐브,1
04:31:24,일,드라마큐브,1
04:31:25,월,드라마큐브,0
04:31:44,화,드라마큐브,1
04:31:45,월,드라마큐브,0
04:31:45,목,드라마큐브,1
04:31:58,목,드라마큐브,1
04:32:01,월,드라마큐브,0
04:32:03,일,드라마큐브,1
04:32:06,월,드라마큐브,0
04:32:13,화,드라마큐브,1
04:32:18,금,드라마큐브,1
04:32:25,금,드라마큐브,1
04:32:30,화,드라마큐브,1
04:32:40,월,드라마큐브,0
04:32:58,수,드라마큐브,0
04:33:02,월,드라마큐브,0
04:33:09,금,드라마큐브,1
04:33:11,수,드라마큐브,0
04:33:19,토,드라마큐브,1
04:33:25,화,드라마큐브,1
04:33:32,일,드라마큐브,1
04:33:44,목,드라마큐브,1
04:33:52,화,드라마큐브,1
04:33:53,월,드라마큐브,0
04:33:54,금,드라마큐브,1
04:33:58,수,드라마큐브,0
04:34:06,목,드라마큐브,1
04:34:09,월,드라마큐브,0
04:34:12,수,드라마큐브,0
04:34:14,월,드라마큐브,0
04:34:20,화,드라마큐브,1
04:34:25,수,드라마큐브,0
04:34:26,금,드라마큐브,1
04:34:39,화,드라마큐브,1
04:34:47,화,드라마큐브,1
04:34:48,수,드라마큐브,0
04:34:48,월,드라마큐브,0
04:35:06,수,드라마큐브,0
04:35:27,토,드라마큐브,1
04:35:52,목,드라마큐브,1
04:35:55,월,드라마큐브,0
04:36:02,화,드라마큐브,1
04:36:02,금,드라마큐브,1
04:36:06,수,드라마큐브,0
04:36:07,수,드라마큐브,0
04:36:18,토,드라마큐브,1
04:36:20,수,드라마큐브,0
04:36:31,목,드라마큐브,1
04:36:33,수,드라마큐브,0
04:36:45,목,드라마큐브,1
04:36:55,화,드라마큐브,1
04:36:56,수,드라마큐브,0
04:37:21,월,드라마큐브,0
04:37:24,토,드라마큐브,1
04:38:03,월,드라마큐브,0
04:38:10,화,드라마큐브,1
04:38:15,수,드라마큐브,0
04:38:26,토,드라마큐브,1
04:38:38,일,드라마큐브,1
04:38:39,목,드라마큐브,1
04:38:39,토,드라마큐브,1
04:38:45,수,드라마큐브,0
04:38:53,목,드라마큐브,1
04:38:55,일,드라마큐브,1
04:39:02,월,드라마큐브,0
04:39:21,일,드라마큐브,1
04:39:26,일,드라마큐브,1
04:39:29,월,드라마큐브,0
04:39:33,일,드라마큐브,1
04:39:33,토,드라마큐브,1
04:39:33,일,드라마큐브,1
04:40:20,수,드라마큐브,0
04:40:45,일,드라마큐브,1
04:40:47,토,드라마큐브,0
04:40:51,목,드라마큐브,1
04:40:53,수,드라마큐브,0
04:40:57,화,드라마큐브,1
04:41:03,일,드라마큐브,1
04:41:04,일,드라마큐브,1
04:41:07,목,드라마큐브,1
04:41:10,월,드라마큐브,1
04:41:19,토,드라마큐브,0
04:41:29,일,드라마큐브,1
04:41:34,일,드라마큐브,1
04:41:37,수,드라마큐브,0
04:41:40,금,드라마큐브,0
04:41:41,일,드라마큐브,1
04:41:41,일,드라마큐브,1
04:41:45,토,드라마큐브,0
04:42:28,수,드라마큐브,0
04:42:51,월,드라마큐브,1
04:42:59,목,드라마큐브,1
04:43:04,수,드라마큐브,0
04:43:05,화,드라마큐브,1
04:43:12,일,드라마큐브,1
04:43:15,목,드라마큐브,1
04:43:27,토,드라마큐브,0
04:43:29,토,드라마큐브,0
04:43:45,수,드라마큐브,0
04:43:48,금,드라마큐브,0
04:43:53,토,드라마큐브,0
04:43:55,수,드라마큐브,0
04:44:09,수,드라마큐브,0
04:44:14,월,드라마큐브,1
04:44:25,수,드라마큐브,0
04:44:37,금,드라마큐브,0
04:44:59,월,드라마큐브,1
04:45:01,화,드라마큐브,1
04:45:01,목,드라마큐브,1
04:45:12,금,드라마큐브,0
04:45:12,수,드라마큐브,0
04:45:34,월,드라마큐브,1
04:45:37,토,드라마큐브,0
04:45:51,수,드라마큐브,0
04:45:51,월,드라마큐브,1
04:45:52,월,드라마큐브,1
04:46:04,수,드라마큐브,0
04:46:15,수,드라마큐브,0
04:46:17,수,드라마큐브,0
04:46:19,금,드라마큐브,0
04:46:22,월,드라마큐브,1
04:46:27,금,드라마큐브,0
04:46:33,수,드라마큐브,0
04:46:45,금,드라마큐브,0
04:47:09,목,드라마큐브,1
04:47:09,화,드라마큐브,1
04:47:12,토,드라마큐브,0
04:47:20,금,드라마큐브,0
04:47:25,수,드라마큐브,0
04:47:38,토,드라마큐브,0
04:47:39,금,드라마큐브,0
04:47:42,월,드라마큐브,1
04:47:53,수,드라마큐브,0
04:47:59,월,드라마큐브,1
04:47:59,수,드라마큐브,0
04:48:00,월,드라마큐브,1
04:48:12,일,드라마큐브,1
04:48:23,수,드라마큐브,0
04:48:23,토,드라마큐브,0
04:48:26,금,드라마큐브,0
04:48:31,토,드라마큐브,0
04:48:33,수,드라마큐브,0
04:48:35,금,드라마큐브,0
04:48:42,금,드라마큐브,0
04:48:47,일,드라마큐브,1
04:48:54,일,드라마큐브,1
04:49:06,일,드라마큐브,1
04:49:13,금,드라마큐브,0
04:49:14,금,드라마큐브,0
04:49:17,월,드라마큐브,1
04:49:20,토,드라마큐브,0
04:49:21,토,드라마큐브,0
04:49:33,수,드라마큐브,0
04:49:46,토,드라마큐브,0
04:49:47,금,드라마큐브,0
04:49:53,금,드라마큐브,0
04:50:01,수,드라마큐브,1
04:50:05,화,드라마큐브,0
04:50:20,일,드라마큐브,1
04:50:23,토,드라마큐브,0
04:50:31,토,드라마큐브,0
04:50:36,화,드라마큐브,0
04:50:39,토,드라마큐브,0
04:50:41,수,드라마큐브,1
04:50:50,금,드라마큐브,1
04:50:55,일,드라마큐브,1
04:51:02,일,드라마큐브,1
04:51:06,목,드라마큐브,0
04:51:14,일,드라마큐브,1
04:51:16,목,드라마큐브,0
04:51:21,금,드라마큐브,1
04:51:22,금,드라마큐브,1
04:51:24,화,드라마큐브,0
04:51:24,일,드라마큐브,1
04:51:25,월,드라마큐브,1
04:51:28,토,드라마큐브,0
04:51:30,화,드라마큐브,0
04:51:39,금,드라마큐브,1
04:51:48,목,드라마큐브,0
04:52:01,금,드라마큐브,1
04:52:13,화,드라마큐브,0
04:52:31,토,드라마큐브,0
04:52:44,화,드라마큐브,0
04:52:59,월,드라마큐브,1
04:53:06,일,드라마큐브,1
04:53:06,목,드라마큐브,0
04:53:14,목,드라마큐브,0
04:53:24,목,드라마큐브,0
04:53:32,일,드라마큐브,1
04:53:32,화,드라마큐브,0
04:53:38,화,드라마큐브,0
04:53:43,토,드라마큐브,0
04:53:46,금,드라마큐브,1
04:53:56,목,드라마큐브,0
04:53:57,목,드라마큐브,0
04:54:02,토,드라마큐브,0
04:54:29,목,드라마큐브,0
04:54:40,수,드라마큐브,1
04:54:45,수,드라마큐브,1
04:54:48,목,드라마큐브,0
04:55:00,화,드라마큐브,0
04:55:07,월,드라마큐브,1
04:55:14,목,드라마큐브,0
04:55:15,일,드라마큐브,1
04:55:26,월,드라마큐브,1
04:55:46,토,드라마큐브,0
04:55:49,일,드라마큐브,1
04:55:51,토,드라마큐브,0
04:56:04,토,드라마큐브,0
04:56:05,목,드라마큐브,0
04:56:10,토,드라마큐브,0
04:56:23,일,드라마큐브,1
04:56:26,화,드라마큐브,0
04:56:28,목,드라마큐브,0
04:56:37,목,드라마큐브,0
04:56:38,화,드라마큐브,0
04:56:42,목,드라마큐브,0
04:56:48,수,드라마큐브,1
04:56:53,수,드라마큐브,1
04:56:56,목,드라마큐브,0
04:56:57,금,드라마큐브,1
04:57:08,화,드라마큐브,0
04:57:28,화,드라마큐브,0
04:57:34,월,드라마큐브,1
04:57:49,토,드라마큐브,0
04:57:54,토,드라마큐브,0
04:57:57,일,드라마큐브,1
04:58:05,토,드라마큐브,0
04:58:12,토,드라마큐브,0
04:58:31,일,드라마큐브,1
04:58:34,화,드라마큐브,0
04:58:35,목,드라마큐브,0
04:58:35,금,드라마큐브,1
04:58:36,목,드라마큐브,0
04:58:46,화,드라마큐브,0
04:58:50,목,드라마큐브,0
04:59:05,금,드라마큐브,1
04:59:24,화,드라마큐브,0
04:59:32,목,드라마큐브,0
04:59:36,화,드라마큐브,0
04:59:57,토,드라마큐브,0
05:00:06,화,드라마큐브,0
05:00:13,토,드라마큐브,0
05:00:43,금,드라마큐브,1
05:00:43,목,드라마큐브,1
05:00:50,토,드라마큐브,0
05:01:15,토,드라마큐브,0
05:01:33,화,드라마큐브,0
05:01:39,토,드라마큐브,0
05:01:40,목,드라마큐브,1
05:02:14,화,드라마큐브,0
05:02:27,화,드라마큐브,0
05:02:33,일,드라마큐브,1
05:02:56,수,드라마큐브,1
05:02:58,토,드라마큐브,0
05:03:23,토,드라마큐브,0
05:03:47,토,드라마큐브,0
05:03:48,일,드라마큐브,1
05:04:22,토,드라마큐브,0
05:04:35,목,드라마큐브,1
05:04:36,화,드라마큐브,0
05:04:37,화,드라마큐브,0
05:04:39,월,드라마큐브,1
05:04:41,일,드라마큐브,1
05:04:45,목,드라마큐브,1
05:04:52,수,드라마큐브,1
05:05:00,금,드라마큐브,1
05:05:03,화,드라마큐브,0
05:05:04,수,드라마큐브,1
05:05:10,화,드라마큐브,0
05:05:22,토,드라마큐브,0
05:05:31,토,드라마큐브,0
05:05:33,월,드라마큐브,1
05:05:56,일,드라마큐브,1
05:05:59,화,드라마큐브,0
05:06:30,토,드라마큐브,0
05:06:43,목,드라마큐브,1
05:06:45,화,드라마큐브,0
05:06:47,월,드라마큐브,1
05:06:53,목,드라마큐브,1
05:06:56,금,드라마큐브,1
05:07:00,수,드라마큐브,1
05:07:07,수,드라마큐브,1
05:07:08,금,드라마큐브,1
05:07:11,화,드라마큐브,0
05:07:17,토,드라마큐브,0
05:07:18,화,드라마큐브,0
05:07:30,토,드라마큐브,0
05:07:33,금,드라마큐브,1
05:07:39,토,드라마큐브,0
05:07:42,월,드라마큐브,1
05:07:43,월,드라마큐브,1
05:07:54,수,드라마큐브,1
05:07:54,수,드라마큐브,1
05:08:01,금,드라마큐브,1
05:08:07,화,드라마큐브,0
05:08:09,월,드라마큐브,1
05:08:13,수,드라마큐브,1
05:08:16,일,드라마큐브,1
05:08:20,화,드라마큐브,0
05:09:04,금,드라마큐브,1
05:09:15,수,드라마큐브,1
05:09:25,토,드라마큐브,0
05:09:41,금,드라마큐브,1
05:09:51,월,드라마큐브,1
05:10:02,수,드라마큐브,0
05:10:02,수,드라마큐브,0
05:10:08,목,드라마큐브,0
05:10:10,금,드라마큐브,0
05:10:17,월,드라마큐브,1
05:10:19,수,드라마큐브,0
05:10:21,수,드라마큐브,0
05:10:24,일,드라마큐브,0
05:10:28,화,드라마큐브,0
05:10:43,수,드라마큐브,0
05:10:47,화,드라마큐브,0
05:11:06,월,드라마큐브,1
05:11:29,목,드라마큐브,0
05:11:30,금,드라마큐브,0
05:11:36,토,드라마큐브,1
05:11:43,목,드라마큐브,0
05:11:53,일,드라마큐브,0
05:12:08,일,드라마큐브,0
05:12:15,화,드라마큐브,0
05:12:15,목,드라마큐브,0
05:12:20,금,드라마큐브,0
05:12:27,수,드라마큐브,0
05:12:29,수,드라마큐브,0
05:12:37,금,드라마큐브,0
05:12:39,수,드라마큐브,0
05:12:39,일,드라마큐브,0
05:12:51,수,드라마큐브,0
05:12:51,월,드라마큐브,1
05:12:52,토,드라마큐브,1
05:12:55,화,드라마큐브,0
05:12:57,금,드라마큐브,0
05:12:58,월,드라마큐브,1
05:13:06,일,드라마큐브,0
05:13:14,월,드라마큐브,1
05:13:15,일,드라마큐브,0
05:13:37,목,드라마큐브,0
05:13:38,금,드라마큐브,0
05:13:40,수,드라마큐브,0
05:13:44,토,드라마큐브,1
05:13:52,목,드라마큐브,0
05:14:01,일,드라마큐브,0
05:14:01,월,드라마큐브,1
05:14:01,목,드라마큐브,0
05:14:17,일,드라마큐브,0
05:14:19,화,드라마큐브,0
05:14:23,화,드라마큐브,0
05:14:24,화,드라마큐브,0
05:14:28,금,드라마큐브,0
05:14:37,수,드라마큐브,0
05:14:40,목,드라마큐브,0
05:14:45,금,드라마큐브,0
05:14:47,수,드라마큐브,0
05:14:47,일,드라마큐브,0
05:14:51,금,드라마큐브,0
05:14:59,월,드라마큐브,1
05:15:01,토,드라마큐브,1
05:15:05,금,드라마큐브,0
05:15:06,월,드라마큐브,1
05:15:14,일,드라마큐브,0
05:15:23,일,드라마큐브,0
05:15:34,일,드라마큐브,0
05:15:48,수,드라마큐브,0
05:15:52,금,드라마큐브,0
05:16:09,월,드라마큐브,1
05:16:09,목,드라마큐브,0
05:16:24,금,드라마큐브,0
05:16:27,화,드라마큐브,0
05:16:30,토,드라마큐브,1
05:16:32,화,드라마큐브,0
05:16:35,목,드라마큐브,0
05:16:36,수,드라마큐브,0
05:16:47,목,드라마큐브,0
05:16:48,목,드라마큐브,0
05:16:59,금,드라마큐브,0
05:17:10,화,드라마큐브,0
05:17:11,일,드라마큐브,0
05:17:35,화,드라마큐브,0
05:17:41,토,드라마큐브,1
05:17:42,일,드라마큐브,0
05:17:48,수,드라마큐브,0
05:18:00,금,드라마큐브,0
05:18:08,금,드라마큐브,0
05:18:15,일,드라마큐브,0
05:18:22,화,드라마큐브,0
05:18:32,금,드라마큐브,0
05:18:37,월,드라마큐브,1
05:18:38,토,드라마큐브,1
05:18:43,목,드라마큐브,0
05:18:44,수,드라마큐브,0
05:18:54,목,드라마큐브,0
05:19:02,수,드라마큐브,0
05:19:18,화,드라마큐브,0
05:19:20,일,드라마큐브,0
05:19:43,화,드라마큐브,0
05:19:44,일,드라마큐브,0
05:19:49,토,드라마큐브,1
05:19:56,수,드라마큐브,0
05:20:07,수,드라마큐브,1
05:20:16,금,드라마큐브,1
05:20:23,일,드라마큐브,1
05:20:30,화,드라마큐브,1
05:20:43,토,드라마큐브,1
05:20:46,월,드라마큐브,0
05:20:52,목,드라마큐브,1
05:20:53,수,드라마큐브,1
05:20:59,목,드라마큐브,1
05:21:10,수,드라마큐브,1
05:21:22,월,드라마큐브,0
05:21:28,일,드라마큐브,1
05:21:37,수,드라마큐브,1
05:21:52,일,드라마큐브,1
05:22:14,수,드라마큐브,1
05:22:29,수,드라마큐브,1
05:22:30,월,드라마큐브,0
05:22:43,금,드라마큐브,1
05:22:51,토,드라마큐브,1
05:23:00,목,드라마큐브,1
05:23:01,수,드라마큐브,1
05:23:03,화,드라마큐브,1
05:23:07,목,드라마큐브,1
05:23:08,일,드라마큐브,1
05:23:30,월,드라마큐브,0
05:23:36,일,드라마큐브,1
05:23:46,수,드라마큐브,1
05:23:55,토,드라마큐브,1
05:24:10,토,드라마큐브,1
05:24:32,월,드라마큐브,0
05:24:37,수,드라마큐브,1
05:24:38,월,드라마큐브,0
05:24:51,금,드라마큐브,1
05:24:53,월,드라마큐브,0
05:25:11,화,드라마큐브,1
05:25:14,월,드라마큐브,0
05:25:16,일,드라마큐브,1
05:25:44,수,드라마큐브,1
05:26:03,토,드라마큐브,1
05:26:15,화,드라마큐브,1
05:26:19,토,드라마큐브,1
05:26:40,월,드라마큐브,0
05:26:42,월,드라마큐브,0
05:27:01,월,드라마큐브,0
05:27:22,월,드라마큐브,0
05:27:24,토,드라마큐브,1
05:27:39,월,드라마큐브,0
05:27:52,수,드라마큐브,1
05:28:19,토,드라마큐브,1
05:28:23,화,드라마큐브,1
05:28:26,월,드라마큐브,0
05:28:50,월,드라마큐브,0
05:29:32,토,드라마큐브,1
05:29:32,일,드라마큐브,1
05:29:47,일,드라마큐브,1
05:29:47,월,드라마큐브,0
05:30:27,토,드라마큐브,1
05:30:28,일,드라마큐브,1
05:30:34,월,드라마큐브,1
05:30:42,월,드라마큐브,1
05:30:51,화,드라마큐브,1
05:31:09,월,드라마큐브,1
05:31:12,토,드라마큐브,1
05:31:12,토,드라마큐브,1
05:31:31,금,드라마큐브,0
05:31:40,일,드라마큐브,1
05:31:55,일,드라마큐브,1
05:31:55,일,드라마큐브,1
05:32:12,목,드라마큐브,1
05:32:36,일,드라마큐브,1
05:32:40,금,드라마큐브,0
05:32:47,수,드라마큐브,1
05:32:50,월,드라마큐브,1
05:32:59,화,드라마큐브,1
05:33:07,금,드라마큐브,0
05:33:17,월,드라마큐브,1
05:33:20,토,드라마큐브,1
05:33:20,토,드라마큐브,1
05:33:22,목,드라마큐브,1
05:33:35,월,드라마큐브,1
05:33:40,금,드라마큐브,0
05:34:03,일,드라마큐브,1
05:34:20,화,드라마큐브,1
05:34:20,목,드라마큐브,1
05:34:48,금,드라마큐브,0
05:34:56,수,드라마큐브,1
05:35:14,토,드라마큐브,1
05:35:15,금,드라마큐브,0
05:35:22,금,드라마큐브,0
05:35:24,금,드라마큐브,0
05:35:25,토,드라마큐브,1
05:35:26,목,드라마큐브,1
05:35:30,목,드라마큐브,1
05:35:33,월,드라마큐브,1
05:35:43,월,드라마큐브,1
05:36:06,금,드라마큐브,0
05:36:28,화,드라마큐브,1
05:37:00,금,드라마큐브,0
05:37:22,토,드라마큐브,1
05:37:30,금,드라마큐브,0
05:37:32,금,드라마큐브,0
05:37:33,목,드라마큐브,1
05:37:33,토,드라마큐브,1
05:37:41,월,드라마큐브,1
05:38:10,수,드라마큐브,1
05:38:11,일,드라마큐브,1
05:38:15,금,드라마큐브,0
05:38:16,토,드라마큐브,1
05:38:39,화,드라마큐브,1
05:38:40,토,드라마큐브,1
05:38:42,금,드라마큐브,0
05:38:59,토,드라마큐브,1
05:39:08,금,드라마큐브,0
05:39:29,화,드라마큐브,1
05:40:14,화,드라마큐브,1
05:40:15,수,드라마큐브,1
05:40:19,수,드라마큐브,1
05:40:19,일,드라마큐브,1
05:40:20,수,드라마큐브,1
05:40:24,토,드라마큐브,1
05:40:25,수,드라마큐브,1
05:40:30,수,드라마큐브,1
05:40:35,수,드라마큐브,1
05:40:47,화,드라마큐브,1
05:40:48,토,드라마큐브,1
05:40:50,금,드라마큐브,1
05:41:07,토,드라마큐브,1
05:41:16,일,드라마큐브,1
05:41:20,일,드라마큐브,1
05:41:23,토,드라마큐브,1
05:41:37,화,드라마큐브,1
05:41:59,금,드라마큐브,1
05:42:08,일,드라마큐브,1
05:42:18,수,드라마큐브,1
05:42:22,화,드라마큐브,1
05:42:23,금,드라마큐브,1
05:43:23,수,드라마큐브,1
05:43:24,일,드라마큐브,1
05:43:28,일,드라마큐브,1
05:43:31,토,드라마큐브,1
05:43:40,화,드라마큐브,1
05:44:08,금,드라마큐브,1
05:44:16,일,드라마큐브,1
05:44:31,금,드라마큐브,1
05:45:13,월,드라마큐브,1
05:45:31,수,드라마큐브,1
05:45:49,화,드라마큐브,1
05:45:53,금,드라마큐브,1
05:45:54,월,드라마큐브,1
05:47:09,월,드라마큐브,1
05:47:13,월,드라마큐브,1
05:47:21,월,드라마큐브,1
05:47:51,일,드라마큐브,1
05:48:01,금,드라마큐브,1
05:48:02,월,드라마큐브,1
05:48:52,월,드라마큐브,1
05:49:17,월,드라마큐브,1
05:49:22,월,드라마큐브,1
05:49:59,일,드라마큐브,1
05:50:19,월,드라마큐브,1
05:50:29,목,드라마큐브,1
05:51:01,월,드라마큐브,1
05:51:13,월,드라마큐브,1
05:51:58,금,드라마큐브,1
05:52:26,토,드라마큐브,1
05:52:27,월,드라마큐브,1
05:52:35,목,드라마큐브,1
05:52:37,목,드라마큐브,1
05:52:49,월,드라마큐브,1
05:53:21,월,드라마큐브,1
05:53:30,토,드라마큐브,1
05:53:49,수,드라마큐브,1
05:53:52,금,드라마큐브,1
05:54:05,금,드라마큐브,1
05:54:32,화,드라마큐브,1
05:54:34,토,드라마큐브,1
05:54:43,목,드라마큐브,1
05:54:57,월,드라마큐브,1
05:55:20,월,드라마큐브,1
05:55:26,수,드라마큐브,1
05:55:38,토,드라마큐브,1
05:55:44,수,드라마큐브,1
05:55:46,화,드라마큐브,1
05:55:57,수,드라마큐브,1
05:56:00,금,드라마큐브,1
05:56:05,수,드라마큐브,1
05:56:10,토,드라마큐브,1
05:56:40,화,드라마큐브,1
05:57:12,일,드라마큐브,1
05:57:28,월,드라마큐브,1
05:57:34,수,드라마큐브,1
05:57:52,수,드라마큐브,1
05:57:54,화,드라마큐브,1
05:57:59,토,드라마큐브,1
05:58:06,일,드라마큐브,1
05:58:13,수,드라마큐브,1
05:58:18,토,드라마큐브,1
05:58:27,일,드라마큐브,1
05:59:20,일,드라마큐브,1
05:59:34,화,드라마큐브,1
05:59:34,금,드라마큐브,1
06:00:07,토,드라마큐브,1
06:00:14,일,드라마큐브,1
06:00:34,일,드라마큐브,1
06:01:42,화,드라마큐브,1
06:01:42,금,드라마큐브,1
06:01:58,금,드라마큐브,1
06:02:03,목,드라마큐브,1
06:03:15,목,드라마큐브,1
06:03:39,목,드라마큐브,1
06:04:06,금,드라마큐브,1
06:04:11,금,드라마큐브,1
06:04:11,목,드라마큐브,1
06:04:14,일,드라마큐브,1
06:04:38,목,드라마큐브,1
06:04:39,화,드라마큐브,1
06:05:14,수,드라마큐브,1
06:05:15,목,드라마큐브,1
06:05:23,목,드라마큐브,1
06:05:34,토,드라마큐브,1
06:05:47,목,드라마큐브,1
06:06:19,금,드라마큐브,1
06:06:22,일,드라마큐브,1
06:06:36,수,드라마큐브,1
06:06:44,수,드라마큐브,1
06:06:46,목,드라마큐브,1
06:06:47,화,드라마큐브,1
06:07:22,수,드라마큐브,1
06:07:23,목,드라마큐브,1
06:07:33,토,드라마큐브,1
06:07:42,토,드라마큐브,1
06:07:56,화,드라마큐브,1
06:08:04,금,드라마큐브,1
06:08:06,월,드라마큐브,1
06:08:44,수,드라마큐브,1
06:08:46,화,드라마큐브,1
06:08:48,일,드라마큐브,1
06:08:51,수,드라마큐브,1
06:09:03,화,드라마큐브,1
06:09:28,화,드라마큐브,1
06:09:41,토,드라마큐브,1
06:09:54,목,드라마큐브,1
06:10:03,월,드라마큐브,1
06:10:04,화,드라마큐브,1
06:10:12,토,드라마큐브,0
06:10:12,금,드라마큐브,1
06:10:13,월,드라마큐브,1
06:10:15,수,드라마큐브,1
06:10:24,목,드라마큐브,1
06:10:54,화,드라마큐브,1
06:10:56,토,드라마큐브,0
06:10:56,일,드라마큐브,1
06:11:01,수,드라마큐브,1
06:11:11,화,드라마큐브,1
06:11:19,화,드라마큐브,1
06:11:36,화,드라마큐브,1
06:11:54,토,드라마큐브,0
06:12:02,목,드라마큐브,1
06:12:10,월,드라마큐브,1
06:12:18,목,드라마큐브,1
06:12:20,토,드라마큐브,0
06:12:23,수,드라마큐브,1
06:12:23,일,드라마큐브,1
06:12:32,목,드라마큐브,1
06:13:04,토,드라마큐브,0
06:13:05,목,드라마큐브,1
06:13:09,수,드라마큐브,1
06:13:17,화,드라마큐브,1
06:13:27,화,드라마큐브,1
06:13:50,토,드라마큐브,0
06:13:51,토,드라마큐브,0
06:13:51,금,드라마큐브,1
06:14:02,토,드라마큐브,0
06:14:16,화,드라마큐브,1
06:14:26,목,드라마큐브,1
06:14:31,일,드라마큐브,1
06:14:44,일,드라마큐브,1
06:14:53,토,드라마큐브,0
06:15:05,목,드라마큐브,1
06:15:13,목,드라마큐브,1
06:15:25,화,드라마큐브,1
06:15:58,토,드라마큐브,0
06:15:59,토,드라마큐브,0
06:15:59,금,드라마큐브,1
06:16:24,화,드라마큐브,1
06:16:53,일,드라마큐브,1
06:17:01,토,드라마큐브,0
06:17:14,목,드라마큐브,1
06:17:57,토,드라마큐브,0
06:17:58,목,드라마큐브,1
06:17:58,금,드라마큐브,1
06:18:10,목,드라마큐브,1
06:18:38,목,드라마큐브,1
06:19:00,수,드라마큐브,1
06:19:06,금,드라마큐브,1
06:19:32,토,드라마큐브,0
06:20:00,수,드라마큐브,1
06:20:01,화,드라마큐브,1
06:20:05,토,드라마큐브,1
06:20:06,목,드라마큐브,0
06:20:06,금,드라마큐브,1
06:20:18,목,드라마큐브,0
06:20:46,목,드라마큐브,0
06:20:46,금,드라마큐브,1
06:20:59,수,드라마큐브,1
06:21:08,수,드라마큐브,1
06:21:15,금,드라마큐브,1
06:21:39,토,드라마큐브,1
06:21:46,일,드라마큐브,1
06:22:08,수,드라마큐브,1
06:22:10,화,드라마큐브,1
06:22:10,목,드라마큐브,0
06:22:34,목,드라마큐브,0
06:22:54,금,드라마큐브,1
06:23:07,수,드라마큐브,1
06:23:16,일,드라마큐브,1
06:23:51,일,드라마큐브,1
06:23:54,일,드라마큐브,1
06:23:55,일,드라마큐브,1
06:23:56,목,드라마큐브,0
06:24:18,목,드라마큐브,0
06:24:42,목,드라마큐브,0
06:24:47,화,드라마큐브,1
06:25:16,월,드라마큐브,1
06:25:16,월,드라마큐브,1
06:25:16,화,드라마큐브,1
06:25:24,일,드라마큐브,1
06:25:53,금,드라마큐브,1
06:25:54,목,드라마큐브,0
06:25:58,금,드라마큐브,1
06:25:59,일,드라마큐브,1
06:26:03,일,드라마큐브,1
06:26:04,목,드라마큐브,0
06:26:05,수,드라마큐브,1
06:26:10,일,드라마큐브,1
06:26:20,월,드라마큐브,1
06:26:22,수,드라마큐브,1
06:26:55,화,드라마큐브,1
06:27:24,월,드라마큐브,1
06:27:24,월,드라마큐브,1
06:27:24,화,드라마큐브,1
06:27:57,수,드라마큐브,1
06:27:58,목,드라마큐브,0
06:28:01,금,드라마큐브,1
06:28:02,목,드라마큐브,0
06:28:06,금,드라마큐브,1
06:28:12,수,드라마큐브,1
06:28:18,일,드라마큐브,1
06:28:28,월,드라마큐브,1
06:28:30,수,드라마큐브,1
06:28:31,화,드라마큐브,1
06:28:48,목,드라마큐브,0
06:28:50,목,드라마큐브,0
06:29:34,화,드라마큐브,1
06:29:35,일,드라마큐브,1
06:29:49,토,드라마큐브,1
06:29:56,수,드라마큐브,1
06:30:05,수,드라마큐브,0
06:30:05,목,드라마큐브,1
06:30:09,금,드라마큐브,1
06:30:24,금,드라마큐브,1
06:30:32,일,드라마큐브,1
06:30:39,화,드라마큐브,1
06:30:56,목,드라마큐브,1
06:31:04,목,드라마큐브,1
06:31:42,화,드라마큐브,1
06:31:43,일,드라마큐브,1
06:31:57,토,드라마큐브,1
06:32:04,수,드라마큐브,0
06:32:09,수,드라마큐브,0
06:32:17,금,드라마큐브,1
06:32:32,금,드라마큐브,1
06:32:40,일,드라마큐브,1
06:32:45,수,드라마큐브,0
06:33:12,목,드라마큐브,1
06:33:42,목,드라마큐브,1
06:33:53,화,드라마큐브,1
06:34:01,금,드라마큐브,1
06:34:11,토,드라마큐브,1
06:34:13,수,드라마큐브,0
06:34:16,일,드라마큐브,1
06:34:17,수,드라마큐브,0
06:34:20,수,드라마큐브,0
06:34:53,토,드라마큐브,1
06:34:53,수,드라마큐브,0
06:35:16,일,드라마큐브,1
06:35:16,수,드라마큐브,0
06:35:31,목,드라마큐브,1
06:35:39,월,드라마큐브,1
06:35:51,목,드라마큐브,1
06:36:01,화,드라마큐브,1
06:36:09,금,드라마큐브,1
06:36:19,금,드라마큐브,1
06:36:19,토,드라마큐브,1
06:36:21,수,드라마큐브,0
06:36:24,일,드라마큐브,1
06:36:28,수,드라마큐브,0
06:36:32,월,드라마큐브,1
06:37:01,토,드라마큐브,1
06:37:24,화,드라마큐브,1
06:37:24,수,드라마큐브,0
06:37:25,일,드라마큐브,1
06:37:39,목,드라마큐브,1
06:37:47,월,드라마큐브,1
06:38:18,월,드라마큐브,1
06:38:27,금,드라마큐브,1
06:38:40,월,드라마큐브,1
06:38:59,수,드라마큐브,0
06:39:06,수,드라마큐브,0
06:39:32,화,드라마큐브,1
06:39:50,일,드라마큐브,1
06:39:58,월,드라마큐브,1
06:40:26,월,드라마큐브,1
06:40:31,일,드라마큐브,1
06:41:07,수,드라마큐브,1
06:41:14,수,드라마큐브,1
06:41:27,월,드라마큐브,1
06:41:41,토,드라마큐브,1
06:41:58,수,드라마큐브,1
06:41:58,일,드라마큐브,1
06:42:06,월,드라마큐브,1
06:42:10,월,드라마큐브,1
06:42:39,일,드라마큐브,1
06:43:04,화,드라마큐브,1
06:43:34,월,드라마큐브,1
06:43:49,토,드라마큐브,1
06:44:06,수,드라마큐브,1
06:44:08,수,드라마큐브,1
06:44:16,월,드라마큐브,1
06:44:18,월,드라마큐브,1
06:45:12,화,드라마큐브,1
06:45:16,화,드라마큐브,1
06:46:12,토,드라마큐브,1
06:46:16,수,드라마큐브,1
06:46:24,월,드라마큐브,1
06:46:32,일,드라마큐브,1
06:47:04,목,드라마큐브,1
06:47:13,화,드라마큐브,1
06:47:24,화,드라마큐브,1
06:47:24,월,드라마큐브,1
06:47:43,토,드라마큐브,1
06:48:09,월,드라마큐브,1
06:48:18,금,드라마큐브,1
06:48:20,토,드라마큐브,1
06:48:40,일,드라마큐브,1
06:48:55,수,드라마큐브,1
06:49:04,화,드라마큐브,1
06:49:12,목,드라마큐브,1
06:49:21,화,드라마큐브,1
06:49:31,금,드라마큐브,1
06:49:31,월,드라마큐브,1
06:49:52,토,드라마큐브,1
06:49:52,화,드라마큐브,1
06:50:13,월,드라마큐브,1
06:50:17,월,드라마큐브,1
06:50:26,금,드라마큐브,1
06:50:27,금,드라마큐브,1
06:50:45,금,드라마큐브,1
06:50:58,토,드라마큐브,1
06:51:03,수,드라마큐브,1
06:51:08,일,드라마큐브,1
06:51:12,화,드라마큐브,1
06:51:20,금,드라마큐브,1
06:51:27,금,드라마큐브,1
06:51:29,금,드라마큐브,1
06:51:39,금,드라마큐브,1
06:51:47,목,드라마큐브,1
06:51:48,월,드라마큐브,1
06:52:00,화,드라마큐브,1
06:52:13,일,드라마큐브,1
06:52:13,월,드라마큐브,1
06:52:21,월,드라마큐브,1
06:52:34,금,드라마큐브,1
06:52:53,금,드라마큐브,1
06:52:56,화,드라마큐브,1
06:53:06,토,드라마큐브,1
06:53:09,일,드라마큐브,1
06:53:16,일,드라마큐브,1
06:53:23,일,드라마큐브,1
06:53:27,금,드라마큐브,1
06:53:35,금,드라마큐브,1
06:53:37,금,드라마큐브,1
06:53:49,화,드라마큐브,1
06:53:55,목,드라마큐브,1
06:53:56,월,드라마큐브,1
06:53:59,일,드라마큐브,1
06:54:01,일,드라마큐브,1
06:54:20,일,드라마큐브,1
06:54:21,월,드라마큐브,1
06:54:24,토,드라마큐브,1
06:55:05,화,드라마큐브,1
06:55:14,토,드라마큐브,1
06:55:17,일,드라마큐브,1
06:55:31,수,드라마큐브,1
06:55:31,일,드라마큐브,1
06:55:57,화,드라마큐브,1
06:56:07,일,드라마큐브,1
06:56:09,일,드라마큐브,1
06:56:18,토,드라마큐브,1
06:56:31,토,드라마큐브,1
06:56:35,토,드라마큐브,1
06:57:22,토,드라마큐브,1
06:57:30,목,드라마큐브,1
06:57:40,수,드라마큐브,1
06:57:52,금,드라마큐브,1
06:58:26,토,드라마큐브,1
06:58:43,토,드라마큐브,1
06:58:45,화,드라마큐브,1
06:59:20,화,드라마큐브,1
06:59:32,월,드라마큐브,1
06:59:38,목,드라마큐브,1
07:00:00,금,드라마큐브,1
07:00:53,화,드라마큐브,1
07:00:58,토,드라마큐브,1
07:01:27,수,드라마큐브,1
07:01:28,화,드라마큐브,1
07:01:32,수,드라마큐브,1
07:01:37,수,드라마큐브,1
07:01:40,월,드라마큐브,1
07:01:42,수,드라마큐브,1
07:01:47,수,드라마큐브,1
07:02:02,월,드라마큐브,1
07:02:03,월,드라마큐브,1
07:02:09,월,드라마큐브,1
07:03:06,토,드라마큐브,1
07:03:22,화,드라마큐브,1
07:04:00,금,드라마큐브,1
07:04:10,월,드라마큐브,1
07:04:11,월,드라마큐브,1
07:04:18,월,드라마큐브,1
07:04:32,월,드라마큐브,1
07:04:53,일,드라마큐브,1
07:05:29,화,드라마큐브,1
07:05:33,일,드라마큐브,1
07:05:37,금,드라마큐브,1
07:05:53,목,드라마큐브,1
07:05:59,화,드라마큐브,1
07:06:08,금,드라마큐브,1
07:06:40,월,드라마큐브,1
07:07:01,일,드라마큐브,1
07:07:41,일,드라마큐브,1
07:07:45,금,드라마큐브,1
07:07:56,수,드라마큐브,1
07:08:01,목,드라마큐브,1
07:08:07,화,드라마큐브,1
07:08:18,금,드라마큐브,1
07:08:32,월,드라마큐브,1
07:09:32,수,드라마큐브,1
07:09:56,토,드라마큐브,1
07:10:04,수,드라마큐브,1
07:10:13,수,드라마큐브,1
07:10:18,수,드라마큐브,1
07:10:23,수,드라마큐브,1
07:10:24,일,드라마큐브,1
07:10:27,금,드라마큐브,1
07:10:28,수,드라마큐브,1
07:10:33,수,드라마큐브,1
07:10:40,월,드라마큐브,1
07:11:22,월,드라마큐브,1
07:11:40,수,드라마큐브,1
07:12:05,토,드라마큐브,1
07:12:32,일,드라마큐브,1
07:12:45,목,드라마큐브,1
07:12:53,화,드라마큐브,1
07:13:25,수,드라마큐브,1
07:13:26,화,드라마큐브,1
07:13:31,월,드라마큐브,1
07:13:46,목,드라마큐브,1
07:14:17,목,드라마큐브,1
07:14:44,월,드라마큐브,1
07:14:53,목,드라마큐브,1
07:15:01,화,드라마큐브,1
07:15:34,수,드라마큐브,1
07:15:34,화,드라마큐브,1
07:15:42,일,드라마큐브,1
07:15:54,목,드라마큐브,1
07:16:25,목,드라마큐브,1
07:16:52,월,드라마큐브,1
07:17:00,목,드라마큐브,1
07:17:40,토,드라마큐브,1
07:17:50,일,드라마큐브,1
07:17:55,수,드라마큐브,1
07:17:58,토,드라마큐브,1
07:18:07,금,드라마큐브,1
07:18:27,목,드라마큐브,1
07:18:27,금,드라마큐브,1
07:18:48,월,드라마큐브,1
07:18:56,토,드라마큐브,1
07:19:08,목,드라마큐브,1
07:19:35,금,드라마큐브,1
07:19:36,목,드라마큐브,1
07:19:43,수,드라마큐브,1
07:19:49,토,드라마큐브,1
07:20:03,수,드라마큐브,1
07:20:06,토,드라마큐브,1
07:20:15,금,드라마큐브,1
07:20:22,화,드라마큐브,1
07:20:35,금,드라마큐브,1
07:20:35,목,드라마큐브,1
07:20:56,월,드라마큐브,1
07:21:04,토,드라마큐브,1
07:21:43,금,드라마큐브,1
07:21:44,목,드라마큐브,1
07:21:50,수,드라마큐브,1
07:22:08,토,드라마큐브,1
07:22:30,화,드라마큐브,1
07:22:40,화,드라마큐브,1
07:22:55,수,드라마큐브,1
07:23:31,화,드라마큐브,1
07:23:35,수,드라마큐브,1
07:23:43,일,드라마큐브,1
07:24:01,토,드라마큐브,1
07:24:06,금,드라마큐브,1
07:24:16,토,드라마큐브,1
07:24:34,월,드라마큐브,1
07:24:48,화,드라마큐브,1
07:25:03,수,드라마큐브,1
07:25:10,토,드라마큐브,1
07:25:18,토,드라마큐브,1
07:25:25,금,드라마큐브,1
07:25:39,화,드라마큐브,1
07:25:43,수,드라마큐브,1
07:25:51,일,드라마큐브,1
07:26:09,토,드라마큐브,1
07:26:14,금,드라마큐브,1
07:26:34,월,드라마큐브,1
07:26:42,월,드라마큐브,1
07:27:18,토,드라마큐브,1
07:27:26,토,드라마큐브,1
07:27:31,목,드라마큐브,1
07:27:33,금,드라마큐브,1
07:27:42,일,드라마큐브,1
07:27:50,금,드라마큐브,1
07:28:01,화,드라마큐브,1
07:28:29,수,드라마큐브,1
07:28:42,월,드라마큐브,1
07:28:52,화,드라마큐브,1
07:29:14,토,드라마큐브,1
07:29:39,목,드라마큐브,1
07:29:50,일,드라마큐브,1
07:29:58,금,드라마큐브,1
07:30:09,화,드라마큐브,1
07:30:28,금,드라마큐브,1
07:30:37,수,드라마큐브,1
07:30:47,토,드라마큐브,1
07:30:56,목,드라마큐브,1
07:31:01,화,드라마큐브,1
07:31:14,금,드라마큐브,1
07:31:22,토,드라마큐브,1
07:32:37,금,드라마큐브,1
07:32:44,토,드라마큐브,1
07:32:48,토,드라마큐브,1
07:32:55,토,드라마큐브,1
07:32:56,일,드라마큐브,1
07:33:04,목,드라마큐브,1
07:33:04,목,드라마큐브,1
07:33:18,토,드라마큐브,1
07:33:22,금,드라마큐브,1
07:34:00,화,드라마큐브,1
07:34:05,목,드라마큐브,1
07:34:52,토,드라마큐브,1
07:34:56,토,드라마큐브,1
07:35:04,일,드라마큐브,1
07:35:07,목,드라마큐브,1
07:35:12,목,드라마큐브,1
07:35:19,수,드라마큐브,1
07:35:26,토,드라마큐브,1
07:35:35,토,드라마큐브,1
07:35:54,토,드라마큐브,1
07:36:08,화,드라마큐브,1
07:36:13,목,드라마큐브,1
07:37:15,목,드라마큐브,1
07:37:16,목,드라마큐브,1
07:37:26,일,드라마큐브,1
07:37:27,수,드라마큐브,1
07:37:42,목,드라마큐브,1
07:37:43,토,드라마큐브,1
07:37:57,금,드라마큐브,1
07:38:02,토,드라마큐브,1
07:38:15,금,드라마큐브,1
07:38:38,수,드라마큐브,1
07:39:24,목,드라마큐브,1
07:39:34,일,드라마큐브,1
07:39:43,화,드라마큐브,1
07:39:50,목,드라마큐브,1
07:40:05,금,드라마큐브,1
07:40:23,금,드라마큐브,1
07:40:46,일,드라마큐브,1
07:40:46,수,드라마큐브,1
07:41:24,화,드라마큐브,1
07:41:49,화,드라마큐브,1
07:41:51,화,드라마큐브,1
07:42:07,수,드라마큐브,1
07:42:09,금,드라마큐브,1
07:42:29,수,드라마큐브,1
07:42:54,일,드라마큐브,1
07:43:09,수,드라마큐브,1
07:43:32,화,드라마큐브,1
07:43:53,월,드라마큐브,1
07:43:56,수,드라마큐브,1
07:43:57,화,드라마큐브,1
07:44:15,수,드라마큐브,1
07:44:18,금,드라마큐브,1
07:44:23,화,드라마큐브,1
07:44:37,수,드라마큐브,1
07:45:17,수,드라마큐브,1
07:45:23,목,드라마큐브,1
07:45:30,금,드라마큐브,1
07:45:31,목,드라마큐브,1
07:46:01,월,드라마큐브,1
07:46:03,수,드라마큐브,1
07:46:15,일,드라마큐브,1
07:46:32,화,드라마큐브,1
07:46:39,금,드라마큐브,1
07:46:41,일,드라마큐브,1
07:46:49,수,드라마큐브,1
07:47:31,목,드라마큐브,1
07:47:38,금,드라마큐브,1
07:47:38,목,드라마큐브,1
07:48:04,일,드라마큐브,1
07:48:10,월,드라마큐브,1
07:48:17,화,드라마큐브,1
07:48:23,일,드라마큐브,1
07:48:28,목,드라마큐브,1
07:48:44,금,드라마큐브,1
07:48:47,금,드라마큐브,1
07:48:49,일,드라마큐브,1
07:48:57,수,드라마큐브,1
07:49:16,수,드라마큐브,1
07:50:12,일,드라마큐브,1
07:50:18,월,드라마큐브,1
07:50:25,화,드라마큐브,1
07:50:36,목,드라마큐브,1
07:50:52,금,드라마큐브,1
07:51:12,금,드라마큐브,1
07:51:24,수,드라마큐브,1
07:51:39,금,드라마큐브,1
07:52:14,목,드라마큐브,1
07:52:45,일,드라마큐브,1
07:53:20,금,드라마큐브,1
07:53:47,금,드라마큐브,1
07:54:22,목,드라마큐브,1
07:54:24,금,드라마큐브,1
07:54:53,일,드라마큐브,1
07:56:01,금,드라마큐브,1
07:56:14,월,드라마큐브,1
07:56:22,월,드라마큐브,1
07:56:26,수,드라마큐브,1
07:56:32,금,드라마큐브,1
07:56:37,토,드라마큐브,1
07:58:08,금,드라마큐브,1
07:58:22,월,드라마큐브,1
07:58:30,월,드라마큐브,1
07:58:35,수,드라마큐브,1
07:58:45,토,드라마큐브,1
07:58:54,화,드라마큐브,1
07:59:18,월,드라마큐브,1
07:59:45,일,드라마큐브,1
08:00:30,수,드라마큐브,1
08:00:44,토,드라마큐브,1
08:01:02,화,드라마큐브,1
08:01:07,일,드라마큐브,1
08:01:13,일,드라마큐브,1
08:01:26,월,드라마큐브,1
08:01:53,일,드라마큐브,1
08:02:38,수,드라마큐브,1
08:02:45,수,드라마큐브,1
08:02:51,토,드라마큐브,1
08:03:15,일,드라마큐브,1
08:03:15,월,드라마큐브,1
08:03:16,수,드라마큐브,1
08:03:21,일,드라마큐브,1
08:03:25,월,드라마큐브,1
08:04:40,화,드라마큐브,1
08:04:50,토,드라마큐브,1
08:04:53,수,드라마큐브,1
08:04:58,목,드라마큐브,1
08:05:16,금,드라마큐브,1
08:05:23,월,드라마큐브,1
08:05:24,수,드라마큐브,1
08:05:33,월,드라마큐브,1
08:06:25,금,드라마큐브,1
08:06:48,화,드라마큐브,1
08:06:58,토,드라마큐브,1
08:07:06,목,드라마큐브,1
08:07:15,수,드라마큐브,1
08:07:24,금,드라마큐브,1
08:07:30,금,드라마큐브,1
08:07:32,금,드라마큐브,1
08:08:33,금,드라마큐브,1
08:08:52,화,드라마큐브,1
08:09:16,화,드라마큐브,1
08:09:23,수,드라마큐브,1
08:09:39,금,드라마큐브,1
08:09:41,금,드라마큐브,1
08:10:13,일,드라마큐브,1
08:10:21,월,드라마큐브,1
08:11:01,화,드라마큐브,1
08:11:05,일,드라마큐브,1
08:11:24,화,드라마큐브,1
08:12:21,토,드라마큐브,1
08:12:21,일,드라마큐브,1
08:12:22,토,드라마큐브,1
08:12:29,월,드라마큐브,1
08:12:46,수,드라마큐브,1
08:13:13,일,드라마큐브,1
08:13:17,화,드라마큐브,1
08:13:21,월,드라마큐브,1
08:13:28,월,드라마큐브,1
08:14:28,토,드라마큐브,1
08:14:30,토,드라마큐브,1
08:14:54,수,드라마큐브,1
08:15:25,화,드라마큐브,1
08:15:29,월,드라마큐브,1
08:15:36,월,드라마큐브,1
08:15:37,금,드라마큐브,1
08:17:25,화,드라마큐브,1
08:17:45,금,드라마큐브,1
08:19:09,일,드라마큐브,1
08:19:25,일,드라마큐브,1
08:19:33,화,드라마큐브,1
08:19:40,일,드라마큐브,1
08:20:03,화,드라마큐브,1
08:20:11,월,드라마큐브,1
08:20:32,금,드라마큐브,1
08:20:33,월,드라마큐브,1
08:20:51,일,드라마큐브,1
08:21:14,일,드라마큐브,1
08:21:17,일,드라마큐브,1
08:21:28,월,드라마큐브,1
08:21:33,일,드라마큐브,1
08:21:48,일,드라마큐브,1
08:21:52,일,드라마큐브,1
08:22:11,화,드라마큐브,1
08:22:18,월,드라마큐브,1
08:22:40,금,드라마큐브,1
08:22:41,월,드라마큐브,1
08:22:59,일,드라마큐브,1
08:23:22,일,드라마큐브,1
08:23:36,월,드라마큐브,1
08:24:00,일,드라마큐브,1
08:24:35,토,드라마큐브,1
08:25:00,일,드라마큐브,1
08:25:15,금,드라마큐브,1
08:26:43,토,드라마큐브,1
08:27:03,화,드라마큐브,1
08:27:08,일,드라마큐브,1
08:27:14,토,드라마큐브,1
08:27:23,금,드라마큐브,1
08:29:11,화,드라마큐브,1
08:29:22,토,드라마큐브,1
08:29:23,월,드라마큐브,1
08:30:50,금,드라마큐브,1
08:30:59,화,드라마큐브,1
08:31:11,금,드라마큐브,1
08:31:31,월,드라마큐브,1
08:32:56,수,드라마큐브,1
08:32:58,금,드라마큐브,1
08:33:01,수,드라마큐브,1
08:33:07,화,드라마큐브,1
08:33:19,금,드라마큐브,1
08:34:18,화,드라마큐브,1
08:34:25,토,드라마큐브,1
08:35:05,수,드라마큐브,1
08:35:09,수,드라마큐브,1
08:36:02,목,드라마큐브,1
08:36:25,화,드라마큐브,1
08:36:33,토,드라마큐브,1
08:37:13,목,드라마큐브,1
08:37:50,수,드라마큐브,1
08:38:04,수,드라마큐브,1
08:38:09,금,드라마큐브,1
08:38:10,목,드라마큐브,1
08:38:24,금,드라마큐브,1
08:38:34,일,드라마큐브,1
08:39:21,목,드라마큐브,1
08:39:46,화,드라마큐브,1
08:39:58,수,드라마큐브,1
08:40:12,수,드라마큐브,1
08:40:17,금,드라마큐브,1
08:40:32,금,드라마큐브,1
08:40:41,일,드라마큐브,1
08:40:58,목,드라마큐브,1
08:41:32,목,드라마큐브,1
08:41:54,화,드라마큐브,1
08:43:06,목,드라마큐브,1
08:43:40,목,드라마큐브,1
08:44:51,토,드라마큐브,1
08:44:55,화,드라마큐브,1
08:44:56,토,드라마큐브,1
08:45:05,토,드라마큐브,1
08:46:59,토,드라마큐브,1
08:47:00,화,드라마큐브,1
08:47:03,화,드라마큐브,1
08:47:04,토,드라마큐브,1
08:47:13,토,드라마큐브,1
08:47:41,화,드라마큐브,1
08:48:26,토,드라마큐브,1
08:48:46,화,드라마큐브,1
08:48:47,토,드라마큐브,1
08:49:02,목,드라마큐브,1
08:49:07,화,드라마큐브,1
08:49:49,화,드라마큐브,1
08:49:56,일,드라마큐브,1
08:50:16,화,드라마큐브,1
08:50:34,토,드라마큐브,1
08:50:54,화,드라마큐브,1
08:50:55,토,드라마큐브,1
08:51:10,목,드라마큐브,0
08:51:14,목,드라마큐브,0
08:52:04,일,드라마큐브,1
08:52:09,일,드라마큐브,1
08:52:20,목,드라마큐브,0
08:52:23,목,드라마큐브,0
08:52:24,화,드라마큐브,1
08:53:15,목,드라마큐브,0
08:53:22,목,드라마큐브,0
08:54:00,금,드라마큐브,1
08:54:17,일,드라마큐브,1
08:54:28,목,드라마큐브,0
08:54:31,목,드라마큐브,0
08:54:57,목,드라마큐브,0
08:55:11,목,드라마큐브,0
08:55:23,목,드라마큐브,0
08:55:24,월,드라마큐브,1
08:56:08,금,드라마큐브,1
08:56:54,토,드라마큐브,1
08:57:05,목,드라마큐브,0
08:57:19,목,드라마큐브,0
08:57:32,월,드라마큐브,1
08:57:45,토,드라마큐브,1
08:58:20,목,드라마큐브,0
08:59:02,토,드라마큐브,1
08:59:53,토,드라마큐브,1
09:00:28,목,드라마큐브,1
09:01:25,금,드라마큐브,1
09:01:29,목,드라마큐브,1
09:03:32,금,드라마큐브,1
09:03:37,목,드라마큐브,1
09:03:46,목,드라마큐브,1
09:03:48,목,드라마큐브,1
09:04:27,화,드라마큐브,1
09:05:20,목,드라마큐브,1
09:05:54,목,드라마큐브,1
09:05:56,목,드라마큐브,1
09:06:32,목,드라마큐브,1
09:06:36,화,드라마큐브,1
09:07:28,목,드라마큐브,1
09:08:22,토,드라마큐브,1
09:08:41,목,드라마큐브,1
09:08:59,목,드라마큐브,1
09:09:05,금,드라마큐브,1
09:10:30,토,드라마큐브,1
09:10:50,수,드라마큐브,1
09:11:07,목,드라마큐브,1
09:11:13,금,드라마큐브,1
09:12:10,금,드라마큐브,1
09:12:28,금,드라마큐브,1
09:12:59,수,드라마큐브,1
09:13:41,수,드라마큐브,1
09:14:11,수,드라마큐브,1
09:14:18,금,드라마큐브,1
09:14:29,일,드라마큐브,1
09:14:36,금,드라마큐브,1
09:15:11,금,드라마큐브,1
09:15:12,목,드라마큐브,1
09:15:33,화,드라마큐브,1
09:15:50,수,드라마큐브,1
09:16:19,수,드라마큐브,1
09:16:37,일,드라마큐브,1
09:17:19,금,드라마큐브,1
09:17:20,목,드라마큐브,1
09:17:41,화,드라마큐브,1
09:17:44,토,드라마큐브,1
09:18:57,화,드라마큐브,1
09:19:04,금,드라마큐브,1
09:19:18,화,드라마큐브,1
09:19:52,토,드라마큐브,1
09:20:20,수,드라마큐브,1
09:20:57,금,드라마큐브,1
09:21:00,화,드라마큐브,0
09:21:05,화,드라마큐브,0
09:21:12,금,드라마큐브,1
09:21:26,화,드라마큐브,0
09:21:52,일,드라마큐브,1
09:22:28,수,드라마큐브,1
09:23:02,화,드라마큐브,0
09:23:05,금,드라마큐브,1
09:23:08,화,드라마큐브,0
09:23:10,화,드라마큐브,0
09:23:24,금,드라마큐브,1
09:24:00,일,드라마큐브,1
09:24:05,일,드라마큐브,1
09:24:06,화,드라마큐브,0
09:24:11,화,드라마큐브,0
09:24:27,토,드라마큐브,1
09:24:37,일,드라마큐브,1
09:25:10,화,드라마큐브,0
09:25:14,화,드라마큐브,0
09:25:19,화,드라마큐브,0
09:25:32,금,드라마큐브,1
09:26:13,일,드라마큐브,1
09:26:14,화,드라마큐브,0
09:26:19,화,드라마큐브,0
09:26:35,토,드라마큐브,1
09:26:45,일,드라마큐브,1
09:26:46,목,드라마큐브,1
09:26:48,토,드라마큐브,1
09:26:53,화,드라마큐브,0
09:27:23,화,드라마큐브,0
09:28:52,화,드라마큐브,0
09:28:53,목,드라마큐브,1
09:28:56,토,드라마큐브,1
09:29:01,화,드라마큐브,0
09:30:35,일,드라마큐브,1
09:30:36,일,드라마큐브,1
09:31:00,화,드라마큐브,1
09:32:30,수,드라마큐브,1
09:32:32,수,드라마큐브,1
09:32:43,일,드라마큐브,1
09:32:43,일,드라마큐브,1
09:33:04,수,드라마큐브,1
09:33:18,화,드라마큐브,1
09:33:30,목,드라마큐브,1
09:33:52,금,드라마큐브,1
09:35:12,수,드라마큐브,1
09:35:27,화,드라마큐브,1
09:35:38,목,드라마큐브,1
09:35:54,금,드라마큐브,1
09:36:00,금,드라마큐브,1
09:36:12,월,드라마큐브,1
09:36:16,일,드라마큐브,1
09:36:43,월,드라마큐브,1
09:37:14,월,드라마큐브,1
09:37:47,토,드라마큐브,1
09:38:02,금,드라마큐브,1
09:38:20,월,드라마큐브,1
09:38:24,일,드라마큐브,1
09:38:51,월,드라마큐브,1
09:39:20,수,드라마큐브,1
09:39:22,월,드라마큐브,1
09:39:55,토,드라마큐브,1
09:39:57,화,드라마큐브,1
09:41:14,수,드라마큐브,1
09:41:28,수,드라마큐브,1
09:42:05,화,드라마큐브,1
09:43:22,수,드라마큐브,1
09:43:25,금,드라마큐브,1
09:43:46,금,드라마큐브,1
09:43:57,월,드라마큐브,1
09:45:34,금,드라마큐브,1
09:45:54,금,드라마큐브,1
09:46:05,월,드라마큐브,1
09:47:13,일,드라마큐브,1
09:47:21,금,드라마큐브,1
09:49:04,수,드라마큐브,1
09:49:21,일,드라마큐브,1
09:49:29,금,드라마큐브,1
09:49:54,화,드라마큐브,1
09:50:37,금,드라마큐브,1
09:50:39,금,드라마큐브,1
09:51:09,토,드라마큐브,1
09:51:12,수,드라마큐브,1
09:51:45,화,드라마큐브,1
09:52:02,화,드라마큐브,1
09:52:21,금,드라마큐브,1
09:52:45,금,드라마큐브,1
09:52:47,금,드라마큐브,1
09:53:17,토,드라마큐브,1
09:53:53,화,드라마큐브,1
09:53:59,화,드라마큐브,1
09:54:05,토,드라마큐브,1
09:54:29,금,드라마큐브,1
09:54:51,수,드라마큐브,1
09:54:57,일,드라마큐브,1
09:56:07,화,드라마큐브,1
09:56:13,토,드라마큐브,1
09:56:31,화,드라마큐브,1
09:56:59,수,드라마큐브,1
09:57:02,토,드라마큐브,1
09:57:05,일,드라마큐브,1
09:57:58,화,드라마큐브,1
09:58:39,화,드라마큐브,1
09:59:10,토,드라마큐브,1
10:00:07,화,드라마큐브,1
10:00:18,일,드라마큐브,1
10:00:45,화,드라마큐브,1
10:02:26,일,드라마큐브,1
10:02:34,일,드라마큐브,1
10:02:53,화,드라마큐브,1
10:04:42,일,드라마큐브,1
10:05:08,목,드라마큐브,1
10:06:01,화,드라마큐브,1
10:06:06,목,드라마큐브,1
10:07:16,목,드라마큐브,1
10:08:09,화,드라마큐브,1
10:08:14,목,드라마큐브,1
10:08:44,토,드라마큐브,1
10:10:17,화,드라마큐브,1
10:10:48,수,드라마큐브,1
10:10:52,토,드라마큐브,1
10:11:06,토,드라마큐브,1
10:12:25,화,드라마큐브,1
10:12:26,수,드라마큐브,1
10:12:57,수,드라마큐브,1
10:13:15,토,드라마큐브,1
10:13:37,금,드라마큐브,1
10:14:34,수,드라마큐브,1
10:15:41,일,드라마큐브,1
10:15:45,금,드라마큐브,1
10:16:15,일,드라마큐브,1
10:17:11,일,드라마큐브,1
10:17:49,일,드라마큐브,1
10:18:23,일,드라마큐브,1
10:18:23,토,드라마큐브,1
10:19:19,일,드라마큐브,1
10:19:27,토,드라마큐브,1
10:20:32,토,드라마큐브,1
10:20:40,금,드라마큐브,1
10:21:00,월,드라마큐브,1
10:21:35,토,드라마큐브,1
10:22:48,금,드라마큐브,1
10:23:08,월,드라마큐브,1
10:23:47,토,드라마큐브,1
10:24:12,일,드라마큐브,1
10:25:55,토,드라마큐브,1
10:26:17,목,드라마큐브,1
10:26:20,일,드라마큐브,1
10:27:16,목,드라마큐브,1
10:27:45,목,드라마큐브,1
10:27:52,토,드라마큐브,1
10:27:54,토,드라마큐브,1
10:28:17,수,드라마큐브,1
10:28:25,목,드라마큐브,1
10:28:33,수,드라마큐브,1
10:29:24,목,드라마큐브,1
10:29:46,화,드라마큐브,1
10:29:53,목,드라마큐브,1
10:29:54,토,드라마큐브,1
10:30:00,토,드라마큐브,1
10:30:02,토,드라마큐브,1
10:30:03,화,드라마큐브,1
10:30:08,목,드라마큐브,0
10:30:25,수,드라마큐브,1
10:30:32,목,드라마큐브,0
10:30:34,목,드라마큐브,0
10:30:40,화,드라마큐브,1
10:30:41,수,드라마큐브,1
10:30:43,목,드라마큐브,0
10:30:49,목,드라마큐브,0
10:30:49,토,드라마큐브,1
10:31:10,월,드라마큐브,1
10:31:23,목,드라마큐브,0
10:31:36,월,드라마큐브,1
10:31:54,화,드라마큐브,1
10:32:02,토,드라마큐브,1
10:32:11,월,드라마큐브,1
10:32:11,화,드라마큐브,1
10:32:16,목,드라마큐브,0
10:32:40,목,드라마큐브,0
10:32:42,목,드라마큐브,0
10:32:44,화,드라마큐브,1
10:32:48,화,드라마큐브,1
10:32:51,목,드라마큐브,0
10:32:57,목,드라마큐브,0
10:32:57,토,드라마큐브,1
10:33:18,월,드라마큐브,1
10:33:31,목,드라마큐브,0
10:33:44,월,드라마큐브,1
10:34:19,월,드라마큐브,1
10:34:19,금,드라마큐브,1
10:34:52,화,드라마큐브,1
10:35:43,목,드라마큐브,0
10:36:27,금,드라마큐브,1
10:37:18,목,드라마큐브,0
10:37:30,목,드라마큐브,0
10:37:52,목,드라마큐브,0
10:38:00,토,드라마큐브,1
10:38:22,일,드라마큐브,1
10:38:27,목,드라마큐브,0
10:38:45,목,드라마큐브,0
10:39:23,목,드라마큐브,0
10:39:26,목,드라마큐브,0
10:39:38,목,드라마큐브,0
10:40:04,월,드라마큐브,1
10:40:08,토,드라마큐브,1
10:40:30,월,드라마큐브,1
10:40:30,일,드라마큐브,1
10:40:31,일,드라마큐브,1
10:40:35,목,드라마큐브,1
10:40:53,목,드라마큐브,1
10:41:18,일,드라마큐브,1
10:41:21,월,드라마큐브,1
10:41:26,화,드라마큐브,1
10:41:31,목,드라마큐브,1
10:41:39,수,드라마큐브,1
10:42:12,월,드라마큐브,1
10:42:38,월,드라마큐브,1
10:42:40,일,드라마큐브,1
10:43:06,토,드라마큐브,1
10:43:26,일,드라마큐브,1
10:43:29,월,드라마큐브,1
10:43:34,화,드라마큐브,1
10:43:47,수,드라마큐브,1
10:44:18,월,드라마큐브,1
10:44:53,목,드라마큐브,1
10:44:58,금,드라마큐브,1
10:45:14,토,드라마큐브,1
10:46:26,월,드라마큐브,1
10:47:01,목,드라마큐브,1
10:47:06,금,드라마큐브,1
10:48:17,일,드라마큐브,1
10:48:40,토,드라마큐브,1
10:49:29,목,드라마큐브,1
10:50:25,일,드라마큐브,1
10:50:49,토,드라마큐브,1
10:51:24,월,드라마큐브,1
10:51:36,목,드라마큐브,1
10:52:23,목,드라마큐브,1
10:53:00,토,드라마큐브,1
10:53:32,월,드라마큐브,1
10:53:50,토,드라마큐브,1
10:54:08,수,드라마큐브,1
10:54:30,목,드라마큐브,1
10:54:34,일,드라마큐브,1
10:55:09,토,드라마큐브,1
10:55:35,일,드라마큐브,1
10:55:59,토,드라마큐브,1
10:56:16,수,드라마큐브,1
10:56:42,일,드라마큐브,1
10:57:07,토,드라마큐브,1
10:57:43,일,드라마큐브,1
10:59:09,금,드라마큐브,1
10:59:15,토,드라마큐브,1
11:00:26,토,드라마큐브,1
11:01:03,화,드라마큐브,1
11:01:17,금,드라마큐브,1
11:01:25,금,드라마큐브,1
11:02:33,월,드라마큐브,1
11:02:34,토,드라마큐브,1
11:02:52,수,드라마큐브,1
11:02:54,월,드라마큐브,1
11:03:11,화,드라마큐브,1
11:03:14,월,드라마큐브,1
11:03:16,일,드라마큐브,1
11:03:33,금,드라마큐브,1
11:04:41,월,드라마큐브,1
11:05:00,수,드라마큐브,1
11:05:02,월,드라마큐브,1
11:05:19,수,드라마큐브,1
11:05:22,월,드라마큐브,1
11:05:24,일,드라마큐브,1
11:05:26,토,드라마큐브,1
11:05:34,월,드라마큐브,1
11:07:27,수,드라마큐브,1
11:07:34,토,드라마큐브,1
11:07:39,월,드라마큐브,1
11:07:42,월,드라마큐브,1
11:08:38,금,드라마큐브,1
11:08:39,월,드라마큐브,1
11:09:14,수,드라마큐브,1
11:09:31,목,드라마큐브,1
11:09:40,토,드라마큐브,1
11:09:46,수,드라마큐브,1
11:09:47,월,드라마큐브,1
11:10:46,금,드라마큐브,1
11:10:47,월,드라마큐브,1
11:11:20,금,드라마큐브,1
11:11:22,수,드라마큐브,1
11:11:25,목,드라마큐브,1
11:11:39,목,드라마큐브,1
11:11:49,토,드라마큐브,1
11:11:55,수,드라마큐브,1
11:12:05,토,드라마큐브,1
11:12:06,화,드라마큐브,1
11:13:28,금,드라마큐브,1
11:13:33,목,드라마큐브,1
11:13:58,금,드라마큐브,1
11:14:12,토,드라마큐브,1
11:14:14,화,드라마큐브,1
11:15:21,월,드라마큐브,1
11:15:32,수,드라마큐브,1
11:15:43,토,드라마큐브,1
11:16:03,일,드라마큐브,1
11:16:06,금,드라마큐브,1
11:16:27,금,드라마큐브,1
11:16:51,수,드라마큐브,1
11:16:53,수,드라마큐브,1
11:17:29,월,드라마큐브,1
11:17:40,수,드라마큐브,1
11:17:40,화,드라마큐브,1
11:17:52,토,드라마큐브,1
11:18:11,일,드라마큐브,1
11:18:35,금,드라마큐브,1
11:18:59,수,드라마큐브,1
11:19:01,수,드라마큐브,1
11:19:08,토,드라마큐브,1
11:19:48,화,드라마큐브,1
11:20:23,월,드라마큐브,1
11:20:33,월,드라마큐브,1
11:20:37,금,드라마큐브,1
11:21:09,토,드라마큐브,1
11:21:13,목,드라마큐브,1
11:21:16,토,드라마큐브,1
11:22:15,일,드라마큐브,1
11:22:31,월,드라마큐브,1
11:22:41,월,드라마큐브,1
11:22:45,금,드라마큐브,1
11:23:17,토,드라마큐브,1
11:23:21,목,드라마큐브,1
11:23:36,화,드라마큐브,1
11:24:24,일,드라마큐브,1
11:24:42,일,드라마큐브,1
11:24:54,월,드라마큐브,1
11:25:33,화,드라마큐브,1
11:25:44,화,드라마큐브,1
11:26:39,수,드라마큐브,1
11:26:50,일,드라마큐브,1
11:27:02,월,드라마큐브,1
11:27:41,화,드라마큐브,1
11:27:41,금,드라마큐브,1
11:28:48,수,드라마큐브,1
11:29:49,금,드라마큐브,1
11:30:49,금,드라마큐브,1
11:31:37,금,드라마큐브,1
11:32:41,수,드라마큐브,1
11:32:57,금,드라마큐브,1
11:33:45,금,드라마큐브,1
11:33:48,일,드라마큐브,1
11:34:49,수,드라마큐브,1
11:35:56,일,드라마큐브,1
11:38:10,금,드라마큐브,1
11:39:19,수,드라마큐브,1
11:39:30,수,드라마큐브,1
11:40:13,금,드라마큐브,1
11:40:18,금,드라마큐브,1
11:40:21,화,드라마큐브,1
11:40:41,월,드라마큐브,1
11:41:27,수,드라마큐브,1
11:41:38,수,드라마큐브,1
11:42:21,금,드라마큐브,1
11:42:29,화,드라마큐브,1
11:42:48,월,드라마큐브,1
11:43:51,월,드라마큐브,1
11:44:34,일,드라마큐브,1
11:44:48,월,드라마큐브,1
11:45:59,월,드라마큐브,1
11:46:42,일,드라마큐브,1
11:46:56,월,드라마큐브,1
11:47:33,수,드라마큐브,1
11:47:51,금,드라마큐브,1
11:48:33,월,드라마큐브,1
11:48:38,월,드라마큐브,1
11:48:41,화,드라마큐브,1
11:48:50,목,드라마큐브,1
11:49:41,수,드라마큐브,1
11:49:59,금,드라마큐브,1
11:50:41,월,드라마큐브,1
11:50:46,월,드라마큐브,1
11:50:49,화,드라마큐브,1
11:50:58,목,드라마큐브,1
11:51:32,화,드라마큐브,1
11:52:49,일,드라마큐브,1
11:53:12,토,드라마큐브,1
11:53:32,일,드라마큐브,1
11:53:40,화,드라마큐브,1
11:54:57,일,드라마큐브,1
11:55:20,토,드라마큐브,1
11:55:33,화,드라마큐브,1
11:55:40,일,드라마큐브,1
11:56:41,일,드라마큐브,1
11:57:41,화,드라마큐브,1
11:57:42,목,드라마큐브,1
11:58:09,월,드라마큐브,1
11:58:49,일,드라마큐브,1
11:58:57,토,드라마큐브,1
11:59:44,토,드라마큐브,1
11:59:50,목,드라마큐브,1
12:00:17,월,드라마큐브,1
12:00:21,월,드라마큐브,1
12:01:05,토,드라마큐브,1
12:01:52,토,드라마큐브,1
12:02:29,월,드라마큐브,1
12:02:32,금,드라마큐브,1
12:02:38,화,드라마큐브,1
12:02:49,화,드라마큐브,1
12:03:49,일,드라마큐브,1
12:04:03,월,드라마큐브,1
12:04:08,금,드라마큐브,1
12:04:18,토,드라마큐브,1
12:04:40,금,드라마큐브,1
12:04:40,금,드라마큐브,1
12:04:42,금,드라마큐브,1
12:04:46,화,드라마큐브,1
12:04:57,화,드라마큐브,1
12:05:39,금,드라마큐브,1
12:05:57,일,드라마큐브,1
12:05:58,목,드라마큐브,1
12:06:00,목,드라마큐브,1
12:06:11,월,드라마큐브,1
12:06:16,금,드라마큐브,1
12:06:26,토,드라마큐브,1
12:06:48,금,드라마큐브,1
12:06:51,금,드라마큐브,1
12:07:34,일,드라마큐브,1
12:07:47,금,드라마큐브,1
12:08:00,금,드라마큐브,1
12:08:06,목,드라마큐브,1
12:08:08,목,드라마큐브,1
12:08:41,수,드라마큐브,1
12:09:19,토,드라마큐브,1
12:09:42,일,드라마큐브,1
12:09:54,토,드라마큐브,1
12:10:09,금,드라마큐브,1
12:10:10,목,드라마큐브,1
12:10:49,수,드라마큐브,1
12:11:27,토,드라마큐브,1
12:11:34,금,드라마큐브,1
12:11:41,수,드라마큐브,1
12:12:02,토,드라마큐브,1
12:12:18,목,드라마큐브,1
12:13:17,일,드라마큐브,1
12:13:42,금,드라마큐브,1
12:13:48,수,드라마큐브,1
12:13:51,화,드라마큐브,1
12:14:14,화,드라마큐브,1
12:15:25,일,드라마큐브,1
12:15:39,목,드라마큐브,1
12:15:53,금,드라마큐브,1
12:15:59,화,드라마큐브,1
12:16:23,화,드라마큐브,1
12:17:47,목,드라마큐브,1
12:18:01,금,드라마큐브,1
12:18:17,화,드라마큐브,1
12:19:13,화,드라마큐브,1
12:20:08,월,드라마큐브,1
12:20:25,화,드라마큐브,1
12:21:21,화,드라마큐브,1
12:21:34,목,드라마큐브,1
12:21:43,월,드라마큐브,1
12:22:05,일,드라마큐브,1
12:22:15,토,드라마큐브,1
12:22:16,월,드라마큐브,1
12:22:25,금,드라마큐브,1
12:23:02,화,드라마큐브,1
12:23:42,목,드라마큐브,1
12:23:51,월,드라마큐브,1
12:24:13,일,드라마큐브,1
12:24:16,금,드라마큐브,1
12:24:23,토,드라마큐브,1
12:24:33,금,드라마큐브,1
12:25:04,화,드라마큐브,1
12:25:10,화,드라마큐브,1
12:26:12,월,드라마큐브,1
12:26:13,목,드라마큐브,1
12:26:22,월,드라마큐브,1
12:26:24,금,드라마큐브,1
12:26:52,화,드라마큐브,1
12:27:12,화,드라마큐브,1
12:27:39,화,드라마큐브,1
12:27:44,일,드라마큐브,1
12:28:20,월,드라마큐브,1
12:28:22,목,드라마큐브,1
12:28:30,월,드라마큐브,1
12:28:33,월,드라마큐브,1
12:28:37,일,드라마큐브,1
12:28:49,토,드라마큐브,1
12:29:00,화,드라마큐브,1
12:29:46,화,드라마큐브,1
12:29:51,일,드라마큐브,1
12:30:41,월,드라마큐브,1
12:30:45,일,드라마큐브,1
12:30:57,토,드라마큐브,1
12:31:01,일,드라마큐브,1
12:31:12,화,드라마큐브,1
12:31:36,일,드라마큐브,1
12:31:45,토,드라마큐브,1
12:32:11,일,드라마큐브,1
12:32:37,목,드라마큐브,1
12:33:06,목,드라마큐브,1
12:33:09,일,드라마큐브,1
12:33:20,화,드라마큐브,1
12:33:44,일,드라마큐브,1
12:33:53,토,드라마큐브,1
12:34:04,토,드라마큐브,1
12:34:19,일,드라마큐브,1
12:34:25,토,드라마큐브,1
12:34:45,목,드라마큐브,1
12:35:14,목,드라마큐브,1
12:36:12,토,드라마큐브,1
12:36:33,토,드라마큐브,1
12:37:21,토,드라마큐브,1
12:38:01,수,드라마큐브,1
12:38:03,수,드라마큐브,1
12:38:10,월,드라마큐브,1
12:38:52,토,드라마큐브,1
12:39:29,토,드라마큐브,1
12:40:09,수,드라마큐브,1
12:40:11,수,드라마큐브,1
12:40:15,수,드라마큐브,1
12:40:18,월,드라마큐브,1
12:41:00,토,드라마큐브,1
12:41:00,금,드라마큐브,1
12:41:23,토,드라마큐브,1
12:42:23,수,드라마큐브,1
12:42:53,화,드라마큐브,1
12:43:03,화,드라마큐브,1
12:43:08,금,드라마큐브,1
12:43:32,토,드라마큐브,1
12:43:37,토,드라마큐브,1
12:44:37,금,드라마큐브,1
12:45:00,화,드라마큐브,1
12:45:11,화,드라마큐브,1
12:45:45,토,드라마큐브,1
12:46:08,화,드라마큐브,1
12:46:10,금,드라마큐브,1
12:46:45,금,드라마큐브,1
12:48:17,화,드라마큐브,1
12:48:18,금,드라마큐브,1
12:49:22,수,드라마큐브,1
12:49:41,월,드라마큐브,1
12:50:31,금,드라마큐브,1
12:51:23,화,드라마큐브,1
12:51:30,수,드라마큐브,1
12:51:49,월,드라마큐브,1
12:52:13,일,드라마큐브,1
12:52:26,목,드라마큐브,1
12:52:38,월,드라마큐브,1
12:52:39,금,드라마큐브,1
12:53:09,월,드라마큐브,1
12:53:13,금,드라마큐브,1
12:53:31,화,드라마큐브,1
12:53:46,화,드라마큐브,1
12:54:21,일,드라마큐브,1
12:54:33,목,드라마큐브,1
12:54:46,월,드라마큐브,1
12:54:48,목,드라마큐브,1
12:55:17,월,드라마큐브,1
12:55:22,금,드라마큐브,1
12:55:54,화,드라마큐브,1
12:56:34,화,드라마큐브,1
12:56:55,목,드라마큐브,1
12:57:54,수,드라마큐브,1
12:58:01,목,드라마큐브,1
12:58:42,화,드라마큐브,1
12:59:13,금,드라마큐브,1
13:00:02,수,드라마큐브,1
13:00:09,목,드라마큐브,1
13:01:22,금,드라마큐브,1
13:01:34,수,드라마큐브,1
13:01:56,토,드라마큐브,1
13:02:58,수,드라마큐브,1
13:03:42,수,드라마큐브,1
13:04:04,토,드라마큐브,1
13:04:06,금,드라마큐브,1
13:04:47,수,드라마큐브,1
13:05:06,수,드라마큐브,1
13:05:18,수,드라마큐브,1
13:06:14,금,드라마큐브,1
13:06:55,수,드라마큐브,1
13:07:09,일,드라마큐브,1
13:07:27,수,드라마큐브,1
13:08:50,수,드라마큐브,1
13:09:17,일,드라마큐브,1
13:09:18,수,드라마큐브,1
13:10:41,금,드라마큐브,1
13:10:42,수,드라마큐브,1
13:10:58,수,드라마큐브,1
13:11:04,토,드라마큐브,1
13:11:26,수,드라마큐브,1
13:11:51,목,드라마큐브,1
13:12:11,토,드라마큐브,1
13:12:49,금,드라마큐브,1
13:12:50,수,드라마큐브,1
13:13:12,토,드라마큐브,1
13:14:00,목,드라마큐브,1
13:14:02,일,드라마큐브,1
13:14:19,토,드라마큐브,1
13:14:59,화,드라마큐브,1
13:15:25,수,드라마큐브,1
13:15:57,금,드라마큐브,1
13:16:10,일,드라마큐브,1
13:16:56,목,드라마큐브,1
13:17:05,일,드라마큐브,1
13:17:07,화,드라마큐브,1
13:17:34,수,드라마큐브,1
13:18:05,금,드라마큐브,1
13:19:04,수,드라마큐브,1
13:19:04,목,드라마큐브,1
13:19:06,수,드라마큐브,1
13:19:13,일,드라마큐브,1
13:19:36,금,드라마큐브,1
13:19:52,목,드라마큐브,1
13:21:12,수,드라마큐브,1
13:21:15,수,드라마큐브,1
13:21:44,금,드라마큐브,1
13:22:00,목,드라마큐브,1
13:22:50,금,드라마큐브,1
13:22:53,일,드라마큐브,1
13:23:55,수,드라마큐브,1
13:24:58,금,드라마큐브,1
13:25:01,일,드라마큐브,1
13:25:25,토,드라마큐브,1
13:26:03,수,드라마큐브,1
13:27:33,토,드라마큐브,1
13:27:48,금,드라마큐브,1
13:28:47,금,드라마큐브,1
13:28:51,금,드라마큐브,1
13:29:56,금,드라마큐브,1
13:30:13,일,드라마큐브,1
13:30:55,금,드라마큐브,1
13:30:59,금,드라마큐브,1
13:31:36,토,드라마큐브,1
13:32:21,일,드라마큐브,1
13:33:00,화,드라마큐브,1
13:33:05,일,드라마큐브,1
13:33:17,수,드라마큐브,1
13:33:44,토,드라마큐브,1
13:34:17,토,드라마큐브,1
13:34:42,화,드라마큐브,1
13:35:08,화,드라마큐브,1
13:35:13,일,드라마큐브,1
13:35:25,수,드라마큐브,1
13:35:44,금,드라마큐브,1
13:35:46,일,드라마큐브,1
13:36:25,토,드라마큐브,1
13:36:50,화,드라마큐브,1
13:37:27,일,드라마큐브,1
13:37:52,금,드라마큐브,1
13:37:54,일,드라마큐브,1
13:39:34,일,드라마큐브,1
13:41:08,일,드라마큐브,1
13:41:13,목,드라마큐브,1
13:41:58,금,드라마큐브,1
13:42:09,금,드라마큐브,1
13:42:17,목,드라마큐브,1
13:43:16,일,드라마큐브,1
13:43:21,목,드라마큐브,1
13:43:24,일,드라마큐브,1
13:44:06,금,드라마큐브,1
13:44:17,금,드라마큐브,1
13:44:25,목,드라마큐브,1
13:45:32,일,드라마큐브,1
13:45:45,일,드라마큐브,1
13:45:51,목,드라마큐브,1
13:45:55,토,드라마큐브,1
13:47:07,일,드라마큐브,1
13:47:47,금,드라마큐브,1
13:47:50,일,드라마큐브,1
13:47:53,일,드라마큐브,1
13:47:59,목,드라마큐브,1
13:48:03,토,드라마큐브,1
13:49:15,일,드라마큐브,1
13:49:49,일,드라마큐브,1
13:49:55,금,드라마큐브,1
13:49:58,일,드라마큐브,1
13:50:57,화,드라마큐브,1
13:51:57,일,드라마큐브,1
13:53:04,화,드라마큐브,1
13:53:08,월,드라마큐브,1
13:55:02,화,드라마큐브,1
13:55:04,금,드라마큐브,1
13:55:16,월,드라마큐브,1
13:57:10,화,드라마큐브,1
13:57:12,금,드라마큐브,1
13:57:56,화,드라마큐브,1
13:58:05,일,드라마큐브,1
13:58:39,일,드라마큐브,1
14:00:04,화,드라마큐브,1
14:00:13,일,드라마큐브,1
14:00:41,화,드라마큐브,1
14:00:48,일,드라마큐브,1
14:02:00,수,드라마큐브,1
14:02:22,일,드라마큐브,1
14:02:49,화,드라마큐브,1
14:03:21,수,드라마큐브,1
14:04:06,화,드라마큐브,1
14:04:08,수,드라마큐브,1
14:04:30,일,드라마큐브,1
14:05:04,토,드라마큐브,1
14:05:06,금,드라마큐브,1
14:05:23,금,드라마큐브,1
14:05:29,수,드라마큐브,1
14:05:49,화,드라마큐브,1
14:06:15,화,드라마큐브,1
14:07:12,토,드라마큐브,1
14:07:14,금,드라마큐브,1
14:07:31,금,드라마큐브,1
14:07:57,화,드라마큐브,1
14:09:11,금,드라마큐브,1
14:11:15,일,드라마큐브,1
14:11:19,금,드라마큐브,1
14:11:55,토,드라마큐브,1
14:13:23,일,드라마큐브,1
14:14:03,토,드라마큐브,1
14:14:38,토,드라마큐브,1
14:16:46,토,드라마큐브,1
14:20:24,화,드라마큐브,1
14:20:39,토,드라마큐브,1
14:21:13,월,드라마큐브,1
14:21:37,일,드라마큐브,1
14:22:32,화,드라마큐브,1
14:22:47,토,드라마큐브,1
14:22:52,화,드라마큐브,1
14:22:56,일,드라마큐브,1
14:23:06,금,드라마큐브,1
14:23:21,월,드라마큐브,1
14:23:45,일,드라마큐브,1
14:23:52,화,드라마큐브,1
14:25:00,화,드라마큐브,1
14:25:04,일,드라마큐브,1
14:25:14,금,드라마큐브,1
14:25:18,토,드라마큐브,1
14:26:00,화,드라마큐브,1
14:27:26,토,드라마큐브,1
14:28:20,화,드라마큐브,1
14:29:06,일,드라마큐브,1
14:30:08,목,드라마큐브,1
14:30:19,토,드라마큐브,1
14:30:26,토,드라마큐브,1
14:30:28,화,드라마큐브,1
14:31:14,일,드라마큐브,1
14:32:17,목,드라마큐브,1
14:32:27,토,드라마큐브,1
14:32:34,토,드라마큐브,1
14:33:07,목,드라마큐브,1
14:34:14,토,드라마큐브,1
14:34:44,토,드라마큐브,1
14:35:00,금,드라마큐브,1
14:35:15,목,드라마큐브,1
14:35:30,목,드라마큐브,1
14:35:59,목,드라마큐브,1
14:36:22,토,드라마큐브,1
14:36:51,토,드라마큐브,1
14:37:08,금,드라마큐브,1
14:37:38,목,드라마큐브,1
14:38:06,목,드라마큐브,1
14:40:47,월,드라마큐브,1
14:42:26,목,드라마큐브,1
14:42:34,월,드라마큐브,1
14:42:36,목,드라마큐브,1
14:42:55,월,드라마큐브,1
14:43:24,목,드라마큐브,1
14:43:59,토,드라마큐브,1
14:44:34,목,드라마큐브,1
14:44:42,월,드라마큐브,1
14:44:43,목,드라마큐브,1
14:45:32,목,드라마큐브,1
14:45:40,화,드라마큐브,1
14:45:42,월,드라마큐브,1
14:46:03,토,드라마큐브,1
14:46:06,토,드라마큐브,1
14:46:54,화,드라마큐브,1
14:47:48,화,드라마큐브,1
14:47:50,월,드라마큐브,1
14:48:11,토,드라마큐브,1
14:48:34,토,드라마큐브,1
14:48:59,금,드라마큐브,1
14:49:02,화,드라마큐브,1
14:49:11,수,드라마큐브,1
14:49:39,목,드라마큐브,1
14:50:05,목,드라마큐브,1
14:50:22,수,드라마큐브,1
14:50:33,토,드라마큐브,1
14:50:41,목,드라마큐브,1
14:50:42,토,드라마큐브,1
14:51:08,금,드라마큐브,1
14:51:19,수,드라마큐브,1
14:51:47,목,드라마큐브,1
14:51:59,월,드라마큐브,1
14:52:13,목,드라마큐브,1
14:52:30,수,드라마큐브,1
14:52:41,토,드라마큐브,1
14:52:49,목,드라마큐브,1
14:53:49,월,드라마큐브,1
14:53:59,목,드라마큐브,1
14:54:07,월,드라마큐브,1
14:54:12,월,드라마큐브,1
14:55:28,월,드라마큐브,1
14:55:57,월,드라마큐브,1
14:56:07,목,드라마큐브,1
14:56:14,월,드라마큐브,1
14:56:20,월,드라마큐브,1
14:57:34,금,드라마큐브,1
14:57:36,월,드라마큐브,1
14:58:22,월,드라마큐브,1
14:58:39,목,드라마큐브,1
14:58:54,금,드라마큐브,1
14:59:24,토,드라마큐브,1
14:59:42,금,드라마큐브,1
15:00:00,토,드라마큐브,1
15:00:34,일,드라마큐브,1
15:00:47,목,드라마큐브,1
15:00:48,토,드라마큐브,1
15:01:02,금,드라마큐브,1
15:01:18,수,드라마큐브,1
15:01:32,토,드라마큐브,1
15:02:08,토,드라마큐브,1
15:02:42,일,드라마큐브,1
15:02:50,목,드라마큐브,1
15:02:56,토,드라마큐브,1
15:02:59,화,드라마큐브,1
15:03:01,월,드라마큐브,1
15:03:26,수,드라마큐브,1
15:04:59,목,드라마큐브,1
15:05:07,화,드라마큐브,1
15:05:09,월,드라마큐브,1
15:05:30,금,드라마큐브,1
15:06:16,금,드라마큐브,1
15:06:40,수,드라마큐브,1
15:07:38,금,드라마큐브,1
15:07:38,금,드라마큐브,1
15:08:19,수,드라마큐브,1
15:08:48,수,드라마큐브,1
15:09:05,월,드라마큐브,1
15:09:25,금,드라마큐브,1
15:09:59,수,드라마큐브,1
15:10:28,수,드라마큐브,1
15:10:59,목,드라마큐브,1
15:11:11,금,드라마큐브,1
15:11:13,월,드라마큐브,1
15:11:41,금,드라마큐브,1
15:11:49,금,드라마큐브,1
15:12:04,목,드라마큐브,1
15:12:07,수,드라마큐브,1
15:13:07,목,드라마큐브,1
15:13:19,금,드라마큐브,1
15:13:35,금,드라마큐브,1
15:13:49,금,드라마큐브,1
15:13:51,일,드라마큐브,1
15:14:12,목,드라마큐브,1
15:14:14,목,드라마큐브,1
15:14:39,토,드라마큐브,1
15:14:44,토,드라마큐브,1
15:15:15,금,드라마큐브,1
15:15:43,금,드라마큐브,1
15:15:59,일,드라마큐브,1
15:16:47,토,드라마큐브,1
15:16:52,토,드라마큐브,1
15:17:23,금,드라마큐브,1
15:18:13,목,드라마큐브,1
15:18:23,목,드라마큐브,1
15:20:20,목,드라마큐브,1
15:20:31,목,드라마큐브,1
15:20:56,일,드라마큐브,1
15:21:32,금,드라마큐브,1
15:21:43,금,드라마큐브,1
15:22:15,금,드라마큐브,1
15:22:16,금,드라마큐브,1
15:23:04,일,드라마큐브,1
15:23:29,화,드라마큐브,1
15:23:47,금,드라마큐브,1
15:24:23,금,드라마큐브,1
15:24:25,금,드라마큐브,1
15:25:37,화,드라마큐브,1
15:26:14,월,드라마큐브,1
15:27:42,수,드라마큐브,1
15:28:22,월,드라마큐브,1
15:29:29,토,드라마큐브,1
15:29:50,수,드라마큐브,1
15:29:56,월,드라마큐브,1
15:31:25,일,드라마큐브,1
15:31:37,토,드라마큐브,1
15:32:04,월,드라마큐브,1
15:32:16,화,드라마큐브,1
15:32:56,수,드라마큐브,1
15:33:32,일,드라마큐브,1
15:34:24,화,드라마큐브,1
15:35:04,수,드라마큐브,1
15:35:24,토,드라마큐브,1
15:37:32,토,드라마큐브,1
15:39:32,수,드라마큐브,1
15:39:37,월,드라마큐브,1
15:41:40,수,드라마큐브,1
15:41:45,월,드라마큐브,1
15:43:21,화,드라마큐브,1
15:43:49,화,드라마큐브,1
15:44:03,금,드라마큐브,1
15:45:29,화,드라마큐브,1
15:45:57,화,드라마큐브,1
15:46:11,금,드라마큐브,1
15:47:36,월,드라마큐브,1
15:48:49,월,드라마큐브,1
15:48:58,수,드라마큐브,1
15:49:13,수,드라마큐브,1
15:49:44,월,드라마큐브,1
15:49:53,화,드라마큐브,1
15:50:57,월,드라마큐브,1
15:51:06,수,드라마큐브,1
15:51:21,수,드라마큐브,1
15:52:01,화,드라마큐브,1
15:52:58,금,드라마큐브,1
15:53:25,수,드라마큐브,1
15:54:08,월,드라마큐브,1
15:55:06,금,드라마큐브,1
15:55:33,수,드라마큐브,1
15:55:40,금,드라마큐브,1
15:55:55,금,드라마큐브,1
15:56:16,월,드라마큐브,1
15:56:45,화,드라마큐브,1
15:57:48,화,드라마큐브,1
15:57:48,금,드라마큐브,1
15:58:03,금,드라마큐브,1
15:58:22,수,드라마큐브,1
15:58:53,화,드라마큐브,1
15:59:19,토,드라마큐브,1
15:59:56,화,드라마큐브,1
16:00:30,수,드라마큐브,1
16:00:36,월,드라마큐브,1
16:01:27,토,드라마큐브,1
16:02:03,토,드라마큐브,1
16:02:44,월,드라마큐브,1
16:04:10,월,드라마큐브,1
16:04:11,토,드라마큐브,1
16:06:15,화,드라마큐브,1
16:06:18,월,드라마큐브,1
16:08:23,화,드라마큐브,1
16:08:57,월,드라마큐브,1
16:09:52,목,드라마큐브,1
16:10:22,수,드라마큐브,1
16:11:05,월,드라마큐브,1
16:12:00,목,드라마큐브,1
16:12:30,수,드라마큐브,1
16:13:41,수,드라마큐브,1
16:14:01,화,드라마큐브,1
16:14:15,토,드라마큐브,1
16:14:23,금,드라마큐브,1
16:14:33,화,드라마큐브,1
16:15:49,수,드라마큐브,1
16:16:02,화,드라마큐브,1
16:16:09,화,드라마큐브,1
16:16:23,토,드라마큐브,1
16:16:32,금,드라마큐브,1
16:16:41,화,드라마큐브,1
16:16:46,일,드라마큐브,1
16:17:20,토,드라마큐브,1
16:17:27,월,드라마큐브,1
16:17:59,목,드라마큐브,1
16:18:01,화,드라마큐브,1
16:18:10,화,드라마큐브,1
16:18:19,목,드라마큐브,1
16:18:50,화,드라마큐브,1
16:18:54,일,드라마큐브,1
16:19:28,토,드라마큐브,1
16:19:35,월,드라마큐브,1
16:19:59,월,드라마큐브,1
16:20:08,목,드라마큐브,1
16:20:09,화,드라마큐브,1
16:20:27,목,드라마큐브,1
16:20:58,화,드라마큐브,1
16:21:29,목,드라마큐브,1
16:22:02,토,드라마큐브,1
16:22:07,월,드라마큐브,1
16:22:08,월,드라마큐브,1
16:22:38,일,드라마큐브,1
16:23:30,수,드라마큐브,1
16:23:37,목,드라마큐브,1
16:24:10,토,드라마큐브,1
16:24:11,금,드라마큐브,1
16:24:16,월,드라마큐브,1
16:24:46,일,드라마큐브,1
16:24:48,금,드라마큐브,1
16:25:28,목,드라마큐브,1
16:25:38,수,드라마큐브,1
16:25:44,수,드라마큐브,1
16:26:19,금,드라마큐브,1
16:26:56,금,드라마큐브,1
16:27:36,목,드라마큐브,1
16:27:52,수,드라마큐브,1
16:27:53,수,드라마큐브,1
16:28:06,화,드라마큐브,1
16:28:32,수,드라마큐브,1
16:28:42,목,드라마큐브,1
16:28:59,목,드라마큐브,1
16:29:00,수,드라마큐브,1
16:29:25,토,드라마큐브,1
16:29:38,금,드라마큐브,1
16:29:42,화,드라마큐브,1
16:30:01,수,드라마큐브,1
16:30:11,목,드라마큐브,1
16:30:12,수,드라마큐브,1
16:30:14,화,드라마큐브,1
16:30:40,수,드라마큐브,1
16:30:45,목,드라마큐브,1
16:30:48,목,드라마큐브,1
16:30:51,목,드라마큐브,1
16:31:07,목,드라마큐브,1
16:31:08,수,드라마큐브,1
16:31:33,토,드라마큐브,1
16:31:39,화,드라마큐브,1
16:31:46,금,드라마큐브,1
16:31:50,화,드라마큐브,1
16:32:20,목,드라마큐브,1
16:32:20,수,드라마큐브,1
16:32:27,월,드라마큐브,1
16:32:53,목,드라마큐브,1
16:32:56,목,드라마큐브,1
16:33:03,토,드라마큐브,1
16:33:42,화,드라마큐브,1
16:33:47,화,드라마큐브,1
16:33:57,수,드라마큐브,1
16:34:35,월,드라마큐브,1
16:35:09,수,드라마큐브,1
16:35:11,토,드라마큐브,1
16:35:34,수,드라마큐브,1
16:35:50,화,드라마큐브,1
16:36:05,수,드라마큐브,1
16:36:24,월,드라마큐브,1
16:36:59,금,드라마큐브,1
16:37:06,월,드라마큐브,1
16:37:17,수,드라마큐브,1
16:37:42,수,드라마큐브,1
16:38:09,토,드라마큐브,1
16:38:31,월,드라마큐브,1
16:38:32,월,드라마큐브,1
16:39:05,목,드라마큐브,1
16:39:07,금,드라마큐브,1
16:39:14,월,드라마큐브,1
16:39:28,토,드라마큐브,1
16:39:34,목,드라마큐브,1
16:39:42,월,드라마큐브,1
16:40:17,토,드라마큐브,1
16:40:40,월,드라마큐브,1
16:41:13,목,드라마큐브,1
16:41:25,월,드라마큐브,1
16:41:36,토,드라마큐브,1
16:41:38,금,드라마큐브,1
16:41:42,목,드라마큐브,1
16:41:51,월,드라마큐브,1
16:43:32,월,드라마큐브,1
16:43:46,금,드라마큐브,1
16:45:08,토,드라마큐브,1
16:45:27,목,드라마큐브,1
16:46:42,수,드라마큐브,1
16:46:58,수,드라마큐브,1
16:47:16,토,드라마큐브,1
16:47:35,목,드라마큐브,1
16:48:50,수,드라마큐브,1
16:48:56,금,드라마큐브,1
16:49:06,수,드라마큐브,1
16:49:23,목,드라마큐브,1
16:49:55,일,드라마큐브,1
16:51:04,금,드라마큐브,1
16:51:31,목,드라마큐브,1
16:51:35,수,드라마큐브,1
16:51:50,토,드라마큐브,1
16:52:03,일,드라마큐브,1
16:53:43,수,드라마큐브,1
16:53:58,토,드라마큐브,1
16:54:16,수,드라마큐브,1
16:54:16,금,드라마큐브,1
16:56:02,월,드라마큐브,1
16:56:24,금,드라마큐브,1
16:56:24,수,드라마큐브,1
16:57:03,금,드라마큐브,1
16:57:38,수,드라마큐브,1
16:58:11,월,드라마큐브,1
16:59:12,금,드라마큐브,1
16:59:46,수,드라마큐브,1
17:00:13,토,드라마큐브,1
17:00:31,금,드라마큐브,1
17:00:55,금,드라마큐브,1
17:01:50,금,드라마큐브,1
17:01:52,토,드라마큐브,1
17:02:21,토,드라마큐브,1
17:02:39,금,드라마큐브,1
17:03:03,금,드라마큐브,1
17:03:59,금,드라마큐브,1
17:04:00,토,드라마큐브,1
17:06:25,금,드라마큐브,1
17:07:08,일,드라마큐브,1
17:07:25,수,드라마큐브,1
17:08:28,월,드라마큐브,1
17:08:33,토,드라마큐브,1
17:08:33,금,드라마큐브,1
17:09:16,일,드라마큐브,1
17:09:33,수,드라마큐브,1
17:10:36,월,드라마큐브,1
17:10:41,토,드라마큐브,1
17:12:05,수,드라마큐브,1
17:13:00,일,드라마큐브,1
17:14:13,수,드라마큐브,1
17:15:08,일,드라마큐브,1
17:15:25,화,드라마큐브,1
17:17:26,월,드라마큐브,1
17:17:33,화,드라마큐브,1
17:19:34,월,드라마큐브,1
17:19:38,화,드라마큐브,1
17:20:30,토,드라마큐브,1
17:20:40,일,드라마큐브,1
17:21:26,수,드라마큐브,1
17:21:43,화,드라마큐브,1
17:21:45,화,드라마큐브,1
17:21:55,수,드라마큐브,1
17:22:33,금,드라마큐브,1
17:22:38,토,드라마큐브,1
17:22:48,일,드라마큐브,1
17:23:34,수,드라마큐브,1
17:23:50,화,드라마큐브,1
17:24:03,수,드라마큐브,1
17:24:41,금,드라마큐브,1
17:25:05,화,드라마큐브,1
17:26:39,수,드라마큐브,1
17:27:13,화,드라마큐브,1
17:27:57,토,드라마큐브,1
17:28:11,화,드라마큐브,1
17:28:21,월,드라마큐브,1
17:28:47,수,드라마큐브,1
17:28:54,수,드라마큐브,1
17:29:02,월,드라마큐브,1
17:30:05,토,드라마큐브,1
17:30:20,화,드라마큐브,1
17:30:28,월,드라마큐브,1
17:30:50,일,드라마큐브,1
17:31:02,수,드라마큐브,1
17:31:11,월,드라마큐브,1
17:32:58,일,드라마큐브,1
17:37:53,토,드라마큐브,1
17:37:59,화,드라마큐브,1
17:38:23,수,드라마큐브,1
17:39:35,일,드라마큐브,1
17:40:02,토,드라마큐브,1
17:40:07,화,드라마큐브,1
17:40:31,수,드라마큐브,1
17:41:43,일,드라마큐브,1
17:42:48,화,드라마큐브,1
17:44:56,화,드라마큐브,1
17:46:38,목,드라마큐브,1
17:46:56,토,드라마큐브,1
17:48:46,목,드라마큐브,1
17:49:04,토,드라마큐브,1
17:49:29,목,드라마큐브,1
17:49:53,금,드라마큐브,1
17:51:38,목,드라마큐브,1
17:51:48,일,드라마큐브,1
17:52:01,금,드라마큐브,1
17:53:56,일,드라마큐브,1
17:57:34,월,드라마큐브,1
17:58:00,화,드라마큐브,1
17:58:19,일,드라마큐브,1
17:58:40,목,드라마큐브,1
17:59:42,월,드라마큐브,1
17:59:45,수,드라마큐브,1
17:59:58,금,드라마큐브,1
17:59:59,월,드라마큐브,1
18:00:08,화,드라마큐브,1
18:00:20,수,드라마큐브,1
18:00:27,일,드라마큐브,1
18:00:47,목,드라마큐브,1
18:01:07,목,드라마큐브,1
18:01:53,수,드라마큐브,1
18:02:03,금,드라마큐브,1
18:02:07,월,드라마큐브,1
18:02:21,월,드라마큐브,1
18:02:21,토,드라마큐브,1
18:02:28,수,드라마큐브,1
18:02:29,토,드라마큐브,1
18:03:15,목,드라마큐브,1
18:03:44,화,드라마큐브,1
18:04:29,토,드라마큐브,1
18:04:30,월,드라마큐브,1
18:04:36,월,드라마큐브,1
18:04:37,토,드라마큐브,1
18:04:51,목,드라마큐브,1
18:05:53,화,드라마큐브,1
18:06:26,목,드라마큐브,1
18:06:45,월,드라마큐브,1
18:06:46,일,드라마큐브,1
18:06:59,목,드라마큐브,1
18:07:14,일,드라마큐브,1
18:07:59,금,드라마큐브,1
18:08:34,목,드라마큐브,1
18:08:54,일,드라마큐브,1
18:09:22,일,드라마큐브,1
18:09:25,목,드라마큐브,1
18:10:07,금,드라마큐브,1
18:10:10,일,드라마큐브,1
18:10:20,화,드라마큐브,1
18:10:52,수,드라마큐브,1
18:11:33,목,드라마큐브,1
18:11:47,금,드라마큐브,1
18:12:18,일,드라마큐브,1
18:12:28,화,드라마큐브,1
18:13:00,수,드라마큐브,1
18:13:44,일,드라마큐브,1
18:13:49,금,드라마큐브,1
18:13:56,금,드라마큐브,1
18:15:04,목,드라마큐브,1
18:15:49,목,드라마큐브,1
18:15:52,일,드라마큐브,1
18:15:57,금,드라마큐브,1
18:16:03,수,드라마큐브,1
18:16:16,수,드라마큐브,1
18:16:28,목,드라마큐브,1
18:16:30,목,드라마큐브,1
18:16:31,목,드라마큐브,1
18:17:12,목,드라마큐브,1
18:17:57,목,드라마큐브,1
18:17:58,수,드라마큐브,1
18:18:11,수,드라마큐브,1
18:18:24,수,드라마큐브,1
18:18:36,목,드라마큐브,1
18:18:38,목,드라마큐브,1
18:18:39,목,드라마큐브,1
18:20:06,수,드라마큐브,1
18:21:24,금,드라마큐브,1
18:21:41,금,드라마큐브,1
18:22:32,토,드라마큐브,1
18:23:32,금,드라마큐브,1
18:23:49,금,드라마큐브,1
18:24:40,토,드라마큐브,1
18:25:15,금,드라마큐브,1
18:26:15,월,드라마큐브,1
18:26:19,금,드라마큐브,1
18:27:23,금,드라마큐브,1
18:28:23,월,드라마큐브,1
18:28:27,금,드라마큐브,1
18:28:44,수,드라마큐브,1
18:28:49,금,드라마큐브,1
18:29:23,목,드라마큐브,1
18:29:49,토,드라마큐브,1
18:30:08,수,드라마큐브,1
18:30:52,수,드라마큐브,1
18:30:57,금,드라마큐브,1
18:31:31,목,드라마큐브,1
18:31:39,토,드라마큐브,1
18:31:57,토,드라마큐브,1
18:32:16,수,드라마큐브,1
18:33:02,토,드라마큐브,1
18:33:21,토,드라마큐브,1
18:33:47,토,드라마큐브,1
18:35:10,토,드라마큐브,1
18:35:13,토,드라마큐브,1
18:35:29,토,드라마큐브,1
18:36:29,금,드라마큐브,1
18:37:21,토,드라마큐브,1
18:37:53,월,드라마큐브,1
18:38:37,금,드라마큐브,1
18:40:01,월,드라마큐브,1
18:43:46,수,드라마큐브,1
18:43:53,토,드라마큐브,1
18:44:22,일,드라마큐브,1
18:45:54,수,드라마큐브,1
18:45:55,토,드라마큐브,1
18:46:01,토,드라마큐브,1
18:46:30,일,드라마큐브,1
18:48:04,토,드라마큐브,1
18:48:40,수,드라마큐브,1
18:49:03,수,드라마큐브,1
18:49:05,수,드라마큐브,1
18:50:48,수,드라마큐브,1
18:51:11,수,드라마큐브,1
18:51:13,수,드라마큐브,1
18:52:05,화,드라마큐브,1
18:54:13,화,드라마큐브,1
18:55:17,화,드라마큐브,1
18:57:25,화,드라마큐브,1
18:58:23,수,드라마큐브,1
19:00:02,월,드라마큐브,1
19:00:16,화,드라마큐브,1
19:00:30,수,드라마큐브,1
19:02:09,월,드라마큐브,1
19:02:24,화,드라마큐브,1
19:13:44,월,드라마큐브,1
19:14:16,목,드라마큐브,1
19:14:57,일,드라마큐브,1
19:15:46,일,드라마큐브,1
19:15:53,월,드라마큐브,1
19:16:23,목,드라마큐브,1
19:17:05,일,드라마큐브,1
19:17:45,월,드라마큐브,1
19:17:54,일,드라마큐브,1
19:18:05,목,드라마큐브,1
19:19:53,월,드라마큐브,1
19:20:13,목,드라마큐브,1
19:20:19,일,드라마큐브,1
19:20:41,일,드라마큐브,1
19:20:44,일,드라마큐브,1
19:21:50,월,드라마큐브,1
19:22:05,금,드라마큐브,1
19:22:27,일,드라마큐브,1
19:22:49,일,드라마큐브,1
19:22:52,일,드라마큐브,1
19:23:58,월,드라마큐브,1
19:24:13,금,드라마큐브,1
19:25:19,월,드라마큐브,1
19:26:07,일,드라마큐브,1
19:27:27,월,드라마큐브,1
19:28:15,일,드라마큐브,1
19:29:59,금,드라마큐브,1
19:30:14,금,드라마큐브,1
19:30:45,일,드라마큐브,1
19:31:15,목,드라마큐브,1
19:31:41,일,드라마큐브,1
19:32:07,금,드라마큐브,1
19:32:22,금,드라마큐브,1
19:32:53,일,드라마큐브,1
19:33:23,목,드라마큐브,1
19:33:48,일,드라마큐브,1
19:34:06,일,드라마큐브,1
19:35:05,일,드라마큐브,1
19:35:24,금,드라마큐브,1
19:36:01,월,드라마큐브,1
19:36:14,일,드라마큐브,1
19:37:05,일,드라마큐브,1
19:37:13,일,드라마큐브,1
19:37:32,금,드라마큐브,1
19:38:09,월,드라마큐브,1
19:39:13,일,드라마큐브,1
19:39:26,토,드라마큐브,1
19:41:34,토,드라마큐브,1
19:43:27,월,드라마큐브,1
19:45:35,월,드라마큐브,1
19:46:40,수,드라마큐브,1
19:47:04,월,드라마큐브,1
19:47:42,수,드라마큐브,1
19:48:48,수,드라마큐브,1
19:49:12,월,드라마큐브,1
19:49:50,수,드라마큐브,1
19:50:02,목,드라마큐브,1
19:50:51,월,드라마큐브,1
19:51:45,수,드라마큐브,1
19:52:10,목,드라마큐브,1
19:52:23,수,드라마큐브,1
19:52:27,월,드라마큐브,1
19:52:38,일,드라마큐브,1
19:52:39,금,드라마큐브,1
19:53:00,월,드라마큐브,1
19:53:53,수,드라마큐브,1
19:54:31,수,드라마큐브,1
19:54:34,월,드라마큐브,1
19:54:46,일,드라마큐브,1
19:54:47,금,드라마큐브,1
19:55:01,수,드라마큐브,1
19:56:25,수,드라마큐브,1
19:57:09,수,드라마큐브,1
19:58:21,일,드라마큐브,1
19:58:32,수,드라마큐브,1
19:59:19,토,드라마큐브,1
20:00:29,일,드라마큐브,1
20:00:38,토,드라마큐브,1
20:00:54,목,드라마큐브,1
20:01:27,토,드라마큐브,1
20:02:25,토,드라마큐브,1
20:02:47,토,드라마큐브,1
20:03:02,목,드라마큐브,1
20:04:33,토,드라마큐브,1
20:09:34,수,드라마큐브,1
20:09:36,수,드라마큐브,1
20:11:42,수,드라마큐브,1
20:11:44,수,드라마큐브,1
20:11:55,일,드라마큐브,1
20:12:36,월,드라마큐브,1
20:12:46,일,드라마큐브,1
20:13:12,일,드라마큐브,1
20:14:03,일,드라마큐브,1
20:14:44,월,드라마큐브,1
20:14:54,일,드라마큐브,1
20:15:20,일,드라마큐브,1
20:20:42,월,드라마큐브,1
20:21:00,수,드라마큐브,1
20:22:50,월,드라마큐브,1
20:23:08,수,드라마큐브,1
20:28:43,수,드라마큐브,1
20:30:51,수,드라마큐브,1
20:33:15,수,드라마큐브,1
20:35:23,수,드라마큐브,1
20:35:32,수,드라마큐브,1
20:37:02,화,드라마큐브,1
20:37:03,월,드라마큐브,1
20:37:07,월,드라마큐브,1
20:37:40,수,드라마큐브,1
20:38:09,토,드라마큐브,1
20:38:10,화,드라마큐브,1
20:38:37,화,드라마큐브,1
20:39:10,화,드라마큐브,1
20:39:11,월,드라마큐브,1
20:39:15,월,드라마큐브,1
20:39:21,화,드라마큐브,1
20:39:53,화,드라마큐브,1
20:40:17,토,드라마큐브,1
20:40:18,화,드라마큐브,1
20:40:45,화,드라마큐브,1
20:41:29,화,드라마큐브,1
20:42:02,화,드라마큐브,1
20:45:56,월,드라마큐브,1
20:48:04,월,드라마큐브,1
20:56:24,목,드라마큐브,1
20:58:21,월,드라마큐브,1
20:58:32,목,드라마큐브,1
20:59:47,월,드라마큐브,1
21:00:29,월,드라마큐브,1
21:00:45,금,드라마큐브,1
21:01:55,월,드라마큐브,1
21:02:53,금,드라마큐브,1
21:03:25,목,드라마큐브,1
21:05:15,일,드라마큐브,1
21:05:33,목,드라마큐브,1
21:06:44,일,드라마큐브,1
21:07:10,토,드라마큐브,1
21:07:23,일,드라마큐브,1
21:07:40,월,드라마큐브,1
21:08:51,목,드라마큐브,1
21:08:52,일,드라마큐브,1
21:09:12,토,드라마큐브,1
21:09:18,토,드라마큐브,1
21:09:48,월,드라마큐브,1
21:10:12,토,드라마큐브,1
21:10:47,일,드라마큐브,1
21:10:59,목,드라마큐브,1
21:11:02,월,드라마큐브,1
21:11:20,토,드라마큐브,1
21:12:20,토,드라마큐브,1
21:12:55,일,드라마큐브,1
21:13:10,월,드라마큐브,1
21:14:30,수,드라마큐브,1
21:14:38,일,드라마큐브,1
21:16:03,목,드라마큐브,1
21:16:38,수,드라마큐브,1
21:16:46,일,드라마큐브,1
21:17:20,토,드라마큐브,1
21:18:12,목,드라마큐브,1
21:19:20,일,드라마큐브,1
21:19:28,토,드라마큐브,1
21:20:48,일,드라마큐브,1
21:21:13,수,드라마큐브,1
21:21:28,일,드라마큐브,1
21:21:29,월,드라마큐브,1
21:22:02,금,드라마큐브,1
21:22:56,일,드라마큐브,1
21:23:21,수,드라마큐브,1
21:23:37,월,드라마큐브,1
21:24:10,금,드라마큐브,1
21:25:36,목,드라마큐브,1
21:25:55,일,드라마큐브,1
21:27:44,목,드라마큐브,1
21:28:03,일,드라마큐브,1
21:28:28,월,드라마큐브,1
21:29:06,금,드라마큐브,1
21:29:09,토,드라마큐브,1
21:29:12,일,드라마큐브,1
21:29:18,토,드라마큐브,1
21:30:30,월,드라마큐브,1
21:30:37,월,드라마큐브,1
21:31:02,월,드라마큐브,1
21:31:14,금,드라마큐브,1
21:31:17,토,드라마큐브,1
21:31:20,일,드라마큐브,1
21:31:26,토,드라마큐브,1
21:31:54,금,드라마큐브,1
21:32:38,월,드라마큐브,1
21:33:10,월,드라마큐브,1
21:33:25,목,드라마큐브,1
21:33:54,월,드라마큐브,1
21:34:02,금,드라마큐브,1
21:35:33,목,드라마큐브,1
21:36:02,월,드라마큐브,1
21:38:05,토,드라마큐브,1
21:38:11,월,드라마큐브,1
21:39:34,월,드라마큐브,1
21:40:13,토,드라마큐브,1
21:40:19,월,드라마큐브,1
21:41:12,목,드라마큐브,1
21:41:42,월,드라마큐브,1
21:42:59,토,드라마큐브,1
21:43:20,목,드라마큐브,1
21:45:07,토,드라마큐브,1
21:47:38,월,드라마큐브,1
21:48:14,일,드라마큐브,1
21:48:41,월,드라마큐브,1
21:49:07,일,드라마큐브,1
21:49:46,월,드라마큐브,1
21:50:22,일,드라마큐브,1
21:50:49,월,드라마큐브,1
21:51:12,수,드라마큐브,1
21:51:16,일,드라마큐브,1
21:51:19,금,드라마큐브,1
21:53:21,수,드라마큐브,1
21:53:27,금,드라마큐브,1
21:56:48,토,드라마큐브,1
21:58:10,월,드라마큐브,1
21:58:45,월,드라마큐브,1
21:58:56,토,드라마큐브,1
22:00:18,월,드라마큐브,1
22:00:53,월,드라마큐브,1
22:01:47,토,드라마큐브,1
22:03:55,토,드라마큐브,1
22:04:43,수,드라마큐브,1
22:05:05,수,드라마큐브,1
22:06:52,수,드라마큐브,1
22:07:13,수,드라마큐브,1
22:17:52,월,드라마큐브,1
22:20:00,월,드라마큐브,1
22:22:41,목,드라마큐브,1
22:24:49,목,드라마큐브,1
22:26:33,화,드라마큐브,1
22:28:30,일,드라마큐브,1
22:28:34,수,드라마큐브,1
22:28:41,화,드라마큐브,1
22:30:38,일,드라마큐브,1
22:30:42,수,드라마큐브,1
22:33:22,화,드라마큐브,1
22:35:30,화,드라마큐브,1
22:36:58,일,드라마큐브,1
22:36:58,목,드라마큐브,1
22:38:15,화,드라마큐브,1
22:39:05,목,드라마큐브,1
22:39:06,일,드라마큐브,1
22:39:08,목,드라마큐브,1
22:39:57,월,드라마큐브,1
22:40:02,월,드라마큐브,1
22:40:23,화,드라마큐브,1
22:41:16,목,드라마큐브,1
22:42:05,월,드라마큐브,1
22:42:10,월,드라마큐브,1
22:46:13,일,드라마큐브,1
22:46:39,금,드라마큐브,1
22:48:21,일,드라마큐브,1
22:48:25,목,드라마큐브,1
22:48:47,금,드라마큐브,1
22:49:08,일,드라마큐브,1
22:50:33,목,드라마큐브,1
22:51:16,일,드라마큐브,1
22:51:43,월,드라마큐브,1
22:51:47,토,드라마큐브,1
22:53:51,월,드라마큐브,1
22:53:54,토,드라마큐브,1
22:54:01,목,드라마큐브,1
22:54:03,목,드라마큐브,1
22:55:23,목,드라마큐브,1
22:55:43,월,드라마큐브,1
22:56:09,목,드라마큐브,1
22:56:11,목,드라마큐브,1
22:56:32,목,드라마큐브,1
22:57:31,목,드라마큐브,1
22:57:44,토,드라마큐브,1
22:57:51,월,드라마큐브,1
22:58:40,목,드라마큐브,1
22:59:52,토,드라마큐브,1
23:05:12,월,드라마큐브,1
23:07:20,월,드라마큐브,1
23:08:19,월,드라마큐브,1
23:09:56,수,드라마큐브,1
23:10:27,월,드라마큐브,1
23:11:38,목,드라마큐브,1
23:12:04,수,드라마큐브,1
23:13:01,수,드라마큐브,1
23:13:46,목,드라마큐브,1
23:14:03,화,드라마큐브,1
23:14:14,목,드라마큐브,1
23:14:35,일,드라마큐브,1
23:14:58,수,드라마큐브,1
23:15:09,수,드라마큐브,1
23:16:11,화,드라마큐브,1
23:16:22,목,드라마큐브,1
23:16:43,일,드라마큐브,1
23:17:06,수,드라마큐브,1
23:19:01,목,드라마큐브,1
23:20:04,수,드라마큐브,1
23:20:08,금,드라마큐브,1
23:21:09,목,드라마큐브,1
23:22:11,수,드라마큐브,1
23:22:16,금,드라마큐브,1
23:22:39,월,드라마큐브,1
23:24:20,수,드라마큐브,1
23:24:47,월,드라마큐브,1
23:25:48,수,드라마큐브,1
23:26:28,수,드라마큐브,1
23:27:20,수,드라마큐브,1
23:27:33,토,드라마큐브,1
23:27:56,수,드라마큐브,1
23:28:38,화,드라마큐브,1
23:29:28,수,드라마큐브,1
23:29:41,토,드라마큐브,1
23:30:46,화,드라마큐브,1
23:32:22,화,드라마큐브,1
23:34:04,수,드라마큐브,1
23:34:06,수,드라마큐브,1
23:34:29,화,드라마큐브,1
23:36:12,수,드라마큐브,1
23:36:14,수,드라마큐브,1
23:36:44,수,드라마큐브,1
23:38:09,화,드라마큐브,1
23:38:53,수,드라마큐브,1
23:38:54,일,드라마큐브,1
23:39:52,화,드라마큐브,1
23:39:57,화,드라마큐브,1
23:40:16,화,드라마큐브,1
23:41:02,월,드라마큐브,1
23:41:02,일,드라마큐브,1
23:42:00,화,드라마큐브,1
23:42:05,화,드라마큐브,1
23:43:10,월,드라마큐브,1
23:48:21,화,드라마큐브,1
23:48:21,화,드라마큐브,1
23:50:29,화,드라마큐브,1
23:50:29,화,드라마큐브,1
23:51:50,목,드라마큐브,1
23:53:58,목,드라마큐브,1
23:55:40,화,드라마큐브,1
23:57:48,화,드라마큐브,1
